mtllib materials.mtl
v 0.07389598 -0.5627916 -0.07777168
v 0.07389598 -0.5627916 0.06222831
v 0.09389596 -0.5438216 0.04325829
v 0.09389596 -0.5438216 -0.05880168
v -0.06610402 -0.5627916 -0.07777168
v -0.06610402 -0.4227915 -0.07777168
v -0.08610404 -0.4417614 -0.05880162
v -0.08610404 -0.5438215 -0.05880162
v -0.06610402 -0.5627916 0.06222831
v 0.07389598 -0.4227915 -0.07777168
v 0.07389598 -0.4227915 0.06222831
v -0.06610402 -0.4227915 0.06222831
v 0.05492598 -0.4417614 -0.09777167
v 0.05492598 -0.5438216 -0.09777167
v -0.04713401 -0.5438215 0.08222829
v 0.05492596 -0.5438215 0.08222829
v -0.04713403 -0.4417614 -0.09777169
v -0.04713403 -0.5438216 -0.09777169
v 0.09389596 -0.4417614 0.04325829
v 0.09389596 -0.4417614 -0.05880168
v -0.04713401 -0.4417614 0.08222829
v 0.05492596 -0.4417614 0.08222829
v -0.08610403 -0.4417614 0.04325835
v -0.08610403 -0.5438215 0.04325835
v 0.06389613 0.0572083 -0.007771596
v 0.05585767 0.0572083 -0.03777161
v 0.05585749 -0.4227917 -0.0377717
v 0.06389597 -0.4227917 -0.007771686
v 0.03389613 0.0572083 -0.05973317
v 0.03389597 -0.4227916 -0.05973323
v 0.003896132 0.0572083 -0.06777163
v 0.003895968 -0.4227916 -0.0677717
v -0.02610388 0.05720842 -0.05973315
v -0.02610405 -0.4227916 -0.05973323
v -0.04806541 0.05720842 -0.03777163
v -0.04806556 -0.4227916 -0.0377717
v -0.0561039 0.05720842 -0.007771611
v -0.05610405 -0.4227916 -0.007771701
v -0.04806541 0.05720842 0.0222284
v -0.04806556 -0.4227916 0.02222832
v -0.02610388 0.05720842 0.04418994
v -0.02610403 -0.4227916 0.04418983
v 0.003896117 0.0572083 0.05222841
v 0.003895953 -0.4227917 0.05222832
v 0.03389613 0.0572083 0.04418994
v 0.03389595 -0.4227917 0.04418983
v 0.05585767 0.0572083 0.02222838
v 0.05585749 -0.4227917 0.0222283
v 0.06389605 -0.5627916 -0.007771686
v 0.0558576 -0.5627916 -0.03777169
v 0.05585749 -1.042792 -0.03777169
v 0.06389599 -1.042792 -0.007771686
v 0.03389604 -0.5627916 -0.05973324
v 0.03389597 -1.042792 -0.05973323
v 0.003896043 -0.5627916 -0.0677717
v 0.003895968 -1.042792 -0.06777169
v -0.02610396 -0.5627915 -0.05973323
v -0.02610405 -1.042792 -0.05973321
v -0.0480655 -0.5627915 -0.03777169
v -0.04806556 -1.042792 -0.03777169
v -0.05610397 -0.5627915 -0.007771671
v -0.05610403 -1.042792 -0.007771671
v -0.04806548 -0.5627915 0.02222835
v -0.04806554 -1.042792 0.02222835
v -0.02610396 -0.5627915 0.04418989
v -0.02610402 -1.042792 0.04418986
v 0.003896058 -0.5627916 0.05222835
v 0.003895983 -1.042792 0.05222832
v 0.03389607 -0.5627916 0.04418989
v 0.03389598 -1.042792 0.04418986
v 0.0558576 -0.5627916 0.02222832
v 0.05585752 -1.042792 0.0222283
v 0.07389598 -1.182792 -0.07777171
v 0.07389598 -1.182792 0.06222831
v 0.09389596 -1.163822 0.04325826
v 0.09389596 -1.163822 -0.0588017
v -0.06610402 -1.182792 -0.07777171
v -0.06610402 -1.042792 -0.07777171
v -0.08610404 -1.061761 -0.05880164
v -0.08610404 -1.163821 -0.05880164
v -0.04203101 -1.252792 -0.05369873
v 0.04982299 -1.252792 -0.05369872
v 0.07389598 -1.042792 -0.07777171
v 0.07389598 -1.042792 0.06222831
v -0.06610402 -1.042792 0.06222831
v 0.05492598 -1.061761 -0.09777169
v 0.05492598 -1.163822 -0.09777169
v -0.06610402 -1.182792 0.06222831
v -0.04713401 -1.163821 0.08222826
v 0.05492596 -1.163821 0.08222826
v -0.04713403 -1.061761 -0.0977717
v -0.04713403 -1.163822 -0.0977717
v 0.09389596 -1.061761 0.04325826
v 0.09389596 -1.061761 -0.0588017
v -0.04713401 -1.061761 0.08222826
v 0.05492596 -1.061761 0.08222826
v -0.08610403 -1.061761 0.04325832
v -0.08610403 -1.163821 0.04325832
v -0.04203101 -1.252792 0.03815527
v 0.04982299 -1.252792 0.03815527
v -0.02051146 -1.272792 -0.03217922
v 0.02830349 -1.272792 -0.03217921
v -0.02051148 -1.272792 0.01663575
v 0.02830347 -1.272792 0.01663575
v 0.1266737 0.05165279 -0.2683273
v 0.1266737 0.3072082 -0.2683273
v 0.09204595 0.2725803 -0.3449939
v 0.09204595 0.08628047 -0.3449939
v 0.1266737 0.05165279 0.2683393
v -0.1288818 0.05165279 0.2683393
v -0.09425404 0.08628047 0.345006
v 0.09204598 0.08628047 0.345006
v 0.1566737 0.0862807 0.1956209
v 0.1566737 0.0862807 -0.1956089
v -0.1288818 0.05165279 -0.2683273
v -0.1288818 0.3072082 -0.2683273
v -0.1588817 0.2725803 -0.195609
v -0.1588817 0.08628047 -0.195609
v 0.1266737 0.3072082 0.2683393
v 0.09204595 0.3272084 0.195621
v 0.09204592 0.3272084 -0.195609
v -0.1288818 0.3072082 0.2683393
v -0.09425404 0.2725803 0.345006
v 0.09204598 0.2725803 0.345006
v -0.094254 0.2725803 -0.3449939
v -0.094254 0.08628047 -0.3449939
v 0.1566737 0.2725805 0.1956209
v 0.1566737 0.2725805 -0.1956089
v 0.1366737 0.1115245 0.1426093
v 0.1366737 0.1115245 -0.1425972
v 0.1366737 0.2473367 0.1426093
v 0.1366737 0.2473367 -0.1425972
v -0.1588817 0.2725803 0.195621
v -0.1588817 0.08628047 0.195621
v -0.1488817 0.2405459 -0.1283369
v -0.1488817 0.1183144 -0.1283369
v -0.1488817 0.2405459 0.128349
v -0.1488817 0.1183144 0.128349
v -0.09425398 0.3272084 0.195621
v -0.094254 0.3272084 -0.1956089
v 0.06001167 0.2972087 0.128349
v 0.06001164 0.2972087 -0.128337
v -0.0622197 0.2972087 0.128349
v -0.06221974 0.2972087 -0.128337
v 0.03435175 -1.252792 -0.008227453
v 0.03254253 -1.247661 -0.0171134
v 0.03254253 -1.252792 -0.01848806
v 0.03254253 -1.243906 -0.01335776
v 0.03254253 -1.242531 -0.008227453
v 0.03254253 -1.243906 -0.003097147
v 0.03254253 -1.247661 0.0006584972
v 0.03254253 -1.252792 0.002033159
v 0.03254253 -1.257922 0.0006584972
v 0.03254253 -1.261678 -0.003097147
v 0.03254253 -1.263052 -0.008227453
v 0.03254253 -1.261678 -0.01335776
v 0.03254253 -1.257922 -0.0171134
v 0.02733308 -1.24315 -0.02492757
v 0.02733308 -1.252792 -0.02751108
v 0.02733308 -1.236091 -0.01786926
v 0.02733308 -1.233508 -0.008227453
v 0.02733308 -1.236091 0.001414359
v 0.02733308 -1.24315 0.008472666
v 0.02733308 -1.252792 0.01105617
v 0.02733308 -1.262433 0.008472651
v 0.02733308 -1.269492 0.001414359
v 0.02733308 -1.272075 -0.008227453
v 0.02733308 -1.269492 -0.01786926
v 0.02733308 -1.262433 -0.02492757
v 0.01935175 -1.239801 -0.03072745
v 0.01935175 -1.252792 -0.03420822
v 0.01935175 -1.230292 -0.02121784
v 0.01935175 -1.226811 -0.008227453
v 0.01935175 -1.230292 0.004762933
v 0.01935175 -1.239801 0.01427254
v 0.01935175 -1.252792 0.01775332
v 0.01935175 -1.265782 0.01427254
v 0.01935175 -1.275292 0.004762933
v 0.01935175 -1.278772 -0.008227453
v 0.01935175 -1.275292 -0.02121784
v 0.01935175 -1.265782 -0.03072746
v 0.009561196 -1.238019 -0.03381351
v 0.009561196 -1.252792 -0.03777169
v 0.009561196 -1.227206 -0.02299957
v 0.009561196 -1.223247 -0.008227453
v 0.009561196 -1.227206 0.006544665
v 0.009561196 -1.238019 0.0173586
v 0.009561196 -1.252792 0.02131678
v 0.009561196 -1.267564 0.0173586
v 0.009561196 -1.278378 0.006544665
v 0.009561196 -1.282336 -0.008227453
v 0.009561196 -1.278378 -0.02299957
v 0.009561196 -1.267564 -0.03381352
v -0.0008576959 -1.238019 -0.03381351
v -0.0008576959 -1.252792 -0.03777169
v -0.0008576959 -1.227206 -0.02299957
v -0.0008576959 -1.223247 -0.008227453
v -0.0008576959 -1.227206 0.006544665
v -0.0008576959 -1.238019 0.0173586
v -0.0008576959 -1.252792 0.02131678
v -0.0008576959 -1.267564 0.0173586
v -0.0008576959 -1.278378 0.006544665
v -0.0008576959 -1.282336 -0.008227453
v -0.0008576959 -1.278378 -0.02299957
v -0.0008576959 -1.267564 -0.03381351
v -0.01064825 -1.239801 -0.03072745
v -0.01064825 -1.252792 -0.03420821
v -0.01064825 -1.230292 -0.02121784
v -0.01064825 -1.226811 -0.008227453
v -0.01064825 -1.230292 0.004762933
v -0.01064825 -1.239801 0.01427254
v -0.01064825 -1.252792 0.0177533
v -0.01064825 -1.265782 0.01427254
v -0.01064825 -1.275292 0.004762933
v -0.01064825 -1.278772 -0.008227453
v -0.01064825 -1.275292 -0.02121784
v -0.01064825 -1.265782 -0.03072746
v -0.01862958 -1.24315 -0.02492757
v -0.01862958 -1.252792 -0.02751108
v -0.01862958 -1.236091 -0.01786926
v -0.01862958 -1.233508 -0.008227453
v -0.01862958 -1.236091 0.001414359
v -0.01862958 -1.24315 0.008472666
v -0.01862958 -1.252792 0.01105617
v -0.01862958 -1.262433 0.008472651
v -0.01862958 -1.269492 0.001414359
v -0.01862958 -1.272075 -0.008227453
v -0.01862958 -1.269492 -0.01786926
v -0.01862958 -1.262433 -0.02492757
v -0.02383903 -1.247661 -0.01711339
v -0.02383903 -1.252792 -0.01848805
v -0.02383903 -1.243906 -0.01335776
v -0.02383903 -1.242531 -0.008227453
v -0.02383903 -1.243906 -0.003097147
v -0.02383903 -1.247661 0.0006584823
v -0.02383903 -1.252792 0.002033144
v -0.02383903 -1.257922 0.0006584823
v -0.02383903 -1.261678 -0.003097147
v -0.02383903 -1.263052 -0.008227453
v -0.02383903 -1.261678 -0.01335776
v -0.02383903 -1.257922 -0.01711339
v -0.02564825 -1.252792 -0.008227453
v -0.06610401 0.2372082 0.3822283
v -0.0487835 0.2472082 0.3422284
v -0.046104 0.2372082 0.3422284
v -0.056104 0.2545286 0.3422284
v -0.06610401 0.2572082 0.3422284
v -0.07610402 0.2545286 0.3422284
v -0.08342452 0.2472082 0.3422284
v -0.08610401 0.2372082 0.3422284
v -0.08342452 0.2272083 0.3422284
v -0.07610401 0.2198879 0.3422284
v -0.06610401 0.2172083 0.3422284
v -0.056104 0.2198879 0.3422284
v -0.0487835 0.2272083 0.3422284
v -0.02610402 0.2372085 0.3822283
v -0.008783504 0.2472085 0.3422283
v -0.006104007 0.2372085 0.3422283
v -0.01610401 0.2545289 0.3422283
v -0.02610402 0.2572085 0.3422283
v -0.03610402 0.2545289 0.3422283
v -0.04342453 0.2472085 0.3422283
v -0.04610403 0.2372085 0.3422283
v -0.04342453 0.2272085 0.3422283
v -0.03610402 0.2198881 0.3422283
v -0.02610402 0.2172085 0.3422283
v -0.01610401 0.2198881 0.3422283
v -0.008783504 0.2272085 0.3422283
v 0.01389599 0.2372085 0.3822283
v 0.0312165 0.2472085 0.3422283
v 0.033896 0.2372085 0.3422283
v 0.02389599 0.2545289 0.3422283
v 0.01389599 0.2572085 0.3422283
v 0.003895983 0.2545289 0.3422283
v -0.003424525 0.2472085 0.3422283
v -0.006104007 0.2372085 0.3422283
v -0.00342451 0.2272085 0.3422283
v 0.003895983 0.2198881 0.3422283
v 0.01389599 0.2172085 0.3422283
v 0.02389599 0.2198881 0.3422283
v 0.0312165 0.2272085 0.3422283
v 0.05389598 0.2372085 0.3822283
v 0.07121651 0.2472085 0.3422283
v 0.07389598 0.2372085 0.3422283
v 0.06389599 0.2545289 0.3422283
v 0.05389598 0.2572085 0.3422283
v 0.04389597 0.2545289 0.3422283
v 0.03657547 0.2472085 0.3422283
v 0.03389598 0.2372085 0.3422283
v 0.03657548 0.2272085 0.3422283
v 0.04389597 0.2198881 0.3422283
v 0.05389598 0.2172085 0.3422283
v 0.06389599 0.2198881 0.3422283
v 0.07121651 0.2272085 0.3422283
v -0.06610401 0.1972083 0.3822283
v -0.0487835 0.2072083 0.3422284
v -0.046104 0.1972083 0.3422284
v -0.056104 0.2145287 0.3422284
v -0.06610401 0.2172083 0.3422284
v -0.07610402 0.2145287 0.3422284
v -0.08342452 0.2072083 0.3422284
v -0.08610401 0.1972083 0.3422284
v -0.08342452 0.1872083 0.3422284
v -0.07610401 0.1798879 0.3422284
v -0.06610401 0.1772083 0.3422284
v -0.056104 0.1798879 0.3422284
v -0.0487835 0.1872083 0.3422284
v -0.02610402 0.1972083 0.3822283
v -0.008783504 0.2072083 0.3422283
v -0.006104007 0.1972083 0.3422283
v -0.01610401 0.2145287 0.3422283
v -0.02610402 0.2172083 0.3422283
v -0.03610402 0.2145287 0.3422283
v -0.04342453 0.2072083 0.3422283
v -0.04610403 0.1972083 0.3422283
v -0.04342453 0.1872083 0.3422283
v -0.03610402 0.1798879 0.3422283
v -0.02610402 0.1772083 0.3422283
v -0.01610401 0.1798879 0.3422283
v -0.008783504 0.1872083 0.3422283
v 0.01389599 0.1972083 0.3822283
v 0.0312165 0.2072083 0.3422284
v 0.033896 0.1972083 0.3422284
v 0.02389599 0.2145287 0.3422284
v 0.01389599 0.2172083 0.3422284
v 0.003895983 0.2145287 0.3422284
v -0.003424525 0.2072083 0.3422284
v -0.006104007 0.1972083 0.3422284
v -0.00342451 0.1872083 0.3422284
v 0.003895983 0.1798879 0.3422284
v 0.01389599 0.1772083 0.3422284
v 0.02389599 0.1798879 0.3422284
v 0.0312165 0.1872083 0.3422284
v 0.05389598 0.1972083 0.3822283
v 0.07121651 0.2072083 0.3422283
v 0.07389598 0.1972083 0.3422283
v 0.06389599 0.2145287 0.3422283
v 0.05389598 0.2172083 0.3422283
v 0.04389597 0.2145287 0.3422283
v 0.03657547 0.2072083 0.3422283
v 0.03389598 0.1972083 0.3422283
v 0.03657548 0.1872083 0.3422283
v 0.04389597 0.1798879 0.3422283
v 0.05389598 0.1772083 0.3422283
v 0.06389599 0.1798879 0.3422283
v 0.07121651 0.1872083 0.3422283
v 0.05389598 0.1572083 0.3822283
v 0.07121651 0.1672083 0.3422283
v 0.07389598 0.1572083 0.3422283
v 0.06389599 0.1745287 0.3422283
v 0.05389598 0.1772083 0.3422283
v 0.04389597 0.1745287 0.3422283
v 0.03657548 0.1672083 0.3422283
v 0.03389598 0.1572083 0.3422283
v 0.03657548 0.1472083 0.3422283
v 0.04389599 0.1398879 0.3422283
v 0.05389598 0.1372083 0.3422283
v 0.06389599 0.1398879 0.3422283
v 0.07121651 0.1472083 0.3422283
v 0.01389599 0.1572083 0.3822283
v 0.0312165 0.1672083 0.3422283
v 0.033896 0.1572083 0.3422283
v 0.02389599 0.1745287 0.3422283
v 0.01389599 0.1772083 0.3422283
v 0.003895983 0.1745287 0.3422283
v -0.00342451 0.1672083 0.3422283
v -0.006104007 0.1572083 0.3422283
v -0.00342451 0.1472083 0.3422283
v 0.003895998 0.1398879 0.3422283
v 0.01389599 0.1372083 0.3422283
v 0.02389599 0.1398879 0.3422283
v 0.03121652 0.1472083 0.3422283
v -0.02610402 0.1572083 0.3822283
v -0.008783504 0.1672083 0.3422283
v -0.006104007 0.1572083 0.3422283
v -0.01610401 0.1745287 0.3422283
v -0.02610402 0.1772083 0.3422283
v -0.03610402 0.1745287 0.3422283
v -0.04342453 0.1672083 0.3422283
v -0.04610403 0.1572083 0.3422283
v -0.04342453 0.1472083 0.3422283
v -0.03610402 0.1398879 0.3422283
v -0.02610402 0.1372083 0.3422283
v -0.01610401 0.1398879 0.3422283
v -0.008783504 0.1472083 0.3422283
v -0.06610401 0.1572083 0.3822283
v -0.0487835 0.1672083 0.3422283
v -0.046104 0.1572083 0.3422283
v -0.056104 0.1745287 0.3422283
v -0.06610401 0.1772083 0.3422283
v -0.07610402 0.1745287 0.3422283
v -0.08342452 0.1672083 0.3422283
v -0.08610401 0.1572083 0.3422283
v -0.08342452 0.1472083 0.3422283
v -0.07610401 0.1398879 0.3422283
v -0.06610401 0.1372083 0.3422283
v -0.056104 0.1398879 0.3422283
v -0.0487835 0.1472083 0.3422283
v -0.06610401 0.1172084 0.3822283
v -0.0487835 0.1272084 0.3422283
v -0.046104 0.1172084 0.3422283
v -0.056104 0.1345288 0.3422283
v -0.06610401 0.1372083 0.3422283
v -0.07610402 0.1345288 0.3422283
v -0.08342452 0.1272084 0.3422283
v -0.08610401 0.1172084 0.3422283
v -0.08342452 0.1072084 0.3422283
v -0.07610401 0.09988797 0.3422283
v -0.06610401 0.09720838 0.3422283
v -0.056104 0.09988797 0.3422283
v -0.0487835 0.1072084 0.3422283
v -0.02610402 0.1172084 0.3822283
v -0.008783504 0.1272084 0.3422283
v -0.006104007 0.1172084 0.3422283
v -0.01610401 0.1345288 0.3422283
v -0.02610402 0.1372083 0.3422283
v -0.03610402 0.1345288 0.3422283
v -0.04342453 0.1272084 0.3422283
v -0.04610403 0.1172084 0.3422283
v -0.04342453 0.1072084 0.3422283
v -0.03610402 0.09988797 0.3422283
v -0.02610402 0.09720838 0.3422283
v -0.01610401 0.09988797 0.3422283
v -0.008783504 0.1072084 0.3422283
v 0.01389597 0.1172084 0.3822283
v 0.03121649 0.1272084 0.3422283
v 0.03389598 0.1172084 0.3422283
v 0.02389598 0.1345288 0.3422283
v 0.01389597 0.1372083 0.3422283
v 0.003895968 0.1345288 0.3422283
v -0.00342454 0.1272084 0.3422283
v -0.006104037 0.1172084 0.3422283
v -0.00342454 0.1072084 0.3422283
v 0.003895968 0.09988797 0.3422283
v 0.01389597 0.09720838 0.3422283
v 0.02389598 0.09988797 0.3422283
v 0.03121649 0.1072084 0.3422283
v 0.05389598 0.1172084 0.3822283
v 0.07121651 0.1272084 0.3422284
v 0.07389598 0.1172084 0.3422284
v 0.06389599 0.1345288 0.3422284
v 0.05389598 0.1372083 0.3422284
v 0.04389597 0.1345288 0.3422284
v 0.03657548 0.1272084 0.3422284
v 0.03389598 0.1172084 0.3422284
v 0.03657548 0.1072084 0.3422284
v 0.04389599 0.09988797 0.3422284
v 0.05389598 0.09720838 0.3422284
v 0.06389599 0.09988797 0.3422284
v 0.07121651 0.1072084 0.3422284
v -0.05610405 0.1172084 -0.3777717
v -0.07342456 0.1272084 -0.3377718
v -0.07610406 0.1172084 -0.3377718
v -0.06610405 0.134529 -0.3377718
v -0.05610405 0.1372083 -0.3377718
v -0.04610406 0.134529 -0.3377718
v -0.03878355 0.1272084 -0.3377717
v -0.03610405 0.1172084 -0.3377717
v -0.03878355 0.1072084 -0.3377717
v -0.04610406 0.09988797 -0.3377717
v -0.05610405 0.09720838 -0.3377717
v -0.06610405 0.09988797 -0.3377717
v -0.07342457 0.1072084 -0.3377718
v -0.01610401 0.1172084 -0.3777717
v -0.03342453 0.1272084 -0.3377717
v -0.03610401 0.1172084 -0.3377717
v -0.02610402 0.134529 -0.3377717
v -0.01610401 0.1372083 -0.3377717
v -0.006104022 0.134529 -0.3377717
v 0.001216486 0.1272084 -0.3377717
v 0.003895983 0.1172084 -0.3377717
v 0.001216486 0.1072084 -0.3377717
v -0.006104022 0.09988797 -0.3377717
v -0.01610401 0.09720838 -0.3377717
v -0.02610402 0.09988797 -0.3377717
v -0.03342453 0.1072084 -0.3377717
v 0.06389597 0.1172084 -0.3777717
v 0.04657546 0.1272084 -0.3377717
v 0.04389597 0.1172084 -0.3377717
v 0.05389597 0.134529 -0.3377717
v 0.06389597 0.1372083 -0.3377717
v 0.07389598 0.134529 -0.3377717
v 0.08121647 0.1272084 -0.3377717
v 0.08389597 0.1172084 -0.3377717
v 0.08121647 0.1072084 -0.3377717
v 0.07389598 0.09988797 -0.3377717
v 0.06389597 0.09720838 -0.3377717
v 0.05389597 0.09988797 -0.3377717
v 0.04657546 0.1072084 -0.3377717
v 0.02389595 0.1172084 -0.3777717
v 0.006575435 0.1272084 -0.3377717
v 0.003895953 0.1172084 -0.3377717
v 0.01389594 0.134529 -0.3377717
v 0.02389595 0.1372083 -0.3377717
v 0.03389595 0.134529 -0.3377717
v 0.04121645 0.1272084 -0.3377717
v 0.04389594 0.1172084 -0.3377717
v 0.04121645 0.1072084 -0.3377717
v 0.03389594 0.09988797 -0.3377717
v 0.02389595 0.09720838 -0.3377717
v 0.01389594 0.09988797 -0.3377717
v 0.006575435 0.1072084 -0.3377717
v 0.06389597 0.1572083 -0.3777717
v 0.04657546 0.1672083 -0.3377717
v 0.04389597 0.1572083 -0.3377717
v 0.05389597 0.174529 -0.3377717
v 0.06389597 0.1772083 -0.3377717
v 0.07389598 0.174529 -0.3377717
v 0.08121647 0.1672083 -0.3377717
v 0.08389597 0.1572083 -0.3377717
v 0.08121647 0.1472083 -0.3377717
v 0.07389598 0.1398879 -0.3377717
v 0.06389597 0.1372083 -0.3377717
v 0.05389597 0.1398879 -0.3377717
v 0.04657546 0.1472083 -0.3377717
v 0.02389595 0.1572083 -0.3777717
v 0.006575435 0.1672083 -0.3377717
v 0.003895953 0.1572083 -0.3377717
v 0.01389594 0.174529 -0.3377717
v 0.02389595 0.1772083 -0.3377717
v 0.03389595 0.174529 -0.3377717
v 0.04121645 0.1672083 -0.3377717
v 0.04389594 0.1572083 -0.3377717
v 0.04121645 0.1472083 -0.3377717
v 0.03389594 0.1398879 -0.3377717
v 0.02389595 0.1372083 -0.3377717
v 0.01389594 0.1398879 -0.3377717
v 0.006575435 0.1472083 -0.3377717
v -0.01610401 0.1572083 -0.3777717
v -0.03342453 0.1672083 -0.3377717
v -0.03610402 0.1572083 -0.3377717
v -0.02610402 0.174529 -0.3377717
v -0.01610401 0.1772083 -0.3377717
v -0.006104022 0.174529 -0.3377717
v 0.001216486 0.1672083 -0.3377717
v 0.003895983 0.1572083 -0.3377717
v 0.001216486 0.1472083 -0.3377717
v -0.006104022 0.1398879 -0.3377717
v -0.01610401 0.1372083 -0.3377717
v -0.02610402 0.1398879 -0.3377717
v -0.03342453 0.1472083 -0.3377717
v -0.05610405 0.1572083 -0.3777717
v -0.07342456 0.1672083 -0.3377717
v -0.07610406 0.1572083 -0.3377717
v -0.06610405 0.174529 -0.3377717
v -0.05610405 0.1772083 -0.3377717
v -0.04610406 0.174529 -0.3377717
v -0.03878355 0.1672083 -0.3377717
v -0.03610405 0.1572083 -0.3377717
v -0.03878355 0.1472083 -0.3377717
v -0.04610406 0.1398879 -0.3377717
v -0.05610405 0.1372083 -0.3377717
v -0.06610405 0.1398879 -0.3377717
v -0.07342457 0.1472083 -0.3377717
v -0.05610405 0.1972083 -0.3777717
v -0.07342456 0.2072083 -0.3377717
v -0.07610405 0.1972083 -0.3377717
v -0.06610405 0.2145289 -0.3377717
v -0.05610405 0.2172083 -0.3377717
v -0.04610406 0.2145289 -0.3377717
v -0.03878355 0.2072083 -0.3377717
v -0.03610405 0.1972083 -0.3377717
v -0.03878355 0.1872083 -0.3377717
v -0.04610406 0.1798879 -0.3377717
v -0.05610405 0.1772083 -0.3377717
v -0.06610405 0.1798879 -0.3377717
v -0.07342456 0.1872083 -0.3377717
v -0.05610405 0.2372085 -0.3777717
v -0.07342456 0.2472085 -0.3377717
v -0.07610405 0.2372085 -0.3377717
v -0.06610405 0.2545291 -0.3377717
v -0.05610405 0.2572085 -0.3377717
v -0.04610406 0.2545291 -0.3377717
v -0.03878355 0.2472085 -0.3377717
v -0.03610405 0.2372085 -0.3377717
v -0.03878355 0.2272085 -0.3377717
v -0.04610406 0.2198881 -0.3377717
v -0.05610405 0.2172085 -0.3377717
v -0.06610405 0.2198881 -0.3377717
v -0.07342456 0.2272085 -0.3377717
v -0.01610401 0.1972083 -0.3777718
v -0.03342453 0.2072083 -0.3377718
v -0.03610401 0.1972083 -0.3377718
v -0.02610402 0.2145289 -0.3377718
v -0.01610401 0.2172083 -0.3377718
v -0.006104022 0.2145289 -0.3377718
v 0.001216486 0.2072083 -0.3377718
v 0.003895983 0.1972083 -0.3377718
v 0.001216486 0.1872083 -0.3377718
v -0.006104022 0.1798879 -0.3377718
v -0.01610401 0.1772083 -0.3377718
v -0.02610402 0.1798879 -0.3377718
v -0.03342453 0.1872083 -0.3377718
v 0.02389595 0.1972083 -0.3777717
v 0.006575435 0.2072083 -0.3377717
v 0.003895953 0.1972083 -0.3377717
v 0.01389594 0.2145289 -0.3377717
v 0.02389595 0.2172083 -0.3377717
v 0.03389595 0.2145289 -0.3377717
v 0.04121645 0.2072083 -0.3377717
v 0.04389594 0.1972083 -0.3377717
v 0.04121645 0.1872083 -0.3377717
v 0.03389594 0.1798879 -0.3377717
v 0.02389595 0.1772083 -0.3377717
v 0.01389594 0.1798879 -0.3377717
v 0.006575435 0.1872083 -0.3377717
v 0.06389597 0.1972083 -0.3777718
v 0.04657546 0.2072083 -0.3377718
v 0.04389597 0.1972083 -0.3377718
v 0.05389597 0.2145289 -0.3377718
v 0.06389597 0.2172083 -0.3377718
v 0.07389598 0.2145289 -0.3377718
v 0.08121647 0.2072083 -0.3377718
v 0.08389597 0.1972083 -0.3377718
v 0.08121647 0.1872083 -0.3377718
v 0.07389598 0.1798879 -0.3377718
v 0.06389597 0.1772083 -0.3377718
v 0.05389597 0.1798879 -0.3377718
v 0.04657546 0.1872083 -0.3377718
v 0.06389597 0.2372082 -0.3777718
v 0.04657546 0.2472082 -0.3377718
v 0.04389597 0.2372082 -0.3377718
v 0.05389597 0.2545289 -0.3377718
v 0.06389597 0.2572082 -0.3377718
v 0.07389598 0.2545289 -0.3377718
v 0.08121647 0.2472082 -0.3377718
v 0.08389597 0.2372082 -0.3377718
v 0.08121647 0.2272083 -0.3377718
v 0.07389598 0.2198879 -0.3377718
v 0.06389597 0.2172083 -0.3377718
v 0.05389597 0.2198879 -0.3377718
v 0.04657546 0.2272083 -0.3377718
v 0.02389595 0.2372085 -0.3777717
v 0.006575435 0.2472085 -0.3377717
v 0.003895953 0.2372085 -0.3377717
v 0.01389594 0.2545291 -0.3377717
v 0.02389595 0.2572085 -0.3377717
v 0.03389594 0.2545291 -0.3377717
v 0.04121645 0.2472085 -0.3377717
v 0.04389594 0.2372085 -0.3377717
v 0.04121645 0.2272085 -0.3377717
v 0.03389594 0.2198881 -0.3377717
v 0.02389595 0.2172085 -0.3377717
v 0.01389594 0.2198881 -0.3377717
v 0.006575435 0.2272085 -0.3377717
v -0.01610401 0.2372085 -0.3777717
v -0.03342453 0.2472085 -0.3377717
v -0.03610401 0.2372085 -0.3377717
v -0.02610402 0.2545291 -0.3377717
v -0.01610401 0.2572085 -0.3377717
v -0.006104022 0.2545291 -0.3377717
v 0.001216486 0.2472085 -0.3377717
v 0.003895983 0.2372085 -0.3377717
v 0.001216486 0.2272085 -0.3377717
v -0.006104022 0.2198881 -0.3377717
v -0.01610401 0.2172085 -0.3377717
v -0.02610402 0.2198881 -0.3377717
v -0.03342453 0.2272085 -0.3377717
v -0.04564825 -0.4927917 -0.007315919
v -0.04745747 -0.4876614 -0.01620187
v -0.04745747 -0.4927917 -0.01757653
v -0.04745747 -0.4839057 -0.01244622
v -0.04745747 -0.4825311 -0.007315919
v -0.04745747 -0.4839057 -0.002185613
v -0.04745747 -0.4876614 0.001570031
v -0.04745747 -0.4927917 0.002944693
v -0.04745747 -0.4979219 0.001570031
v -0.04745747 -0.5016776 -0.002185613
v -0.04745747 -0.5030522 -0.007315919
v -0.04745747 -0.5016776 -0.01244622
v -0.04745747 -0.4979219 -0.01620187
v -0.05266692 -0.4831499 -0.02401604
v -0.05266692 -0.4927917 -0.02659954
v -0.05266692 -0.4760915 -0.01695773
v -0.05266692 -0.473508 -0.007315919
v -0.05266692 -0.4760915 0.002325892
v -0.05266692 -0.4831499 0.0093842
v -0.05266692 -0.4927917 0.0119677
v -0.05266692 -0.5024334 0.009384185
v -0.05266692 -0.5094918 0.002325892
v -0.05266692 -0.5120753 -0.007315919
v -0.05266692 -0.5094918 -0.01695773
v -0.05266692 -0.5024334 -0.02401604
v -0.06064825 -0.4798013 -0.02981591
v -0.06064825 -0.4927917 -0.03329669
v -0.06064825 -0.4702916 -0.0203063
v -0.06064825 -0.4668109 -0.007315919
v -0.06064825 -0.4702916 0.005674466
v -0.06064825 -0.4798013 0.01518407
v -0.06064825 -0.4927917 0.01866485
v -0.06064825 -0.505782 0.01518407
v -0.06064825 -0.5152917 0.005674466
v -0.06064825 -0.5187724 -0.007315919
v -0.06064825 -0.5152917 -0.0203063
v -0.06064825 -0.505782 -0.02981593
v -0.0704388 -0.4780196 -0.03290197
v -0.0704388 -0.4927917 -0.03686015
v -0.0704388 -0.4672056 -0.02208804
v -0.0704388 -0.4632474 -0.007315919
v -0.0704388 -0.4672056 0.007456198
v -0.0704388 -0.4780195 0.01827013
v -0.0704388 -0.4927917 0.02222832
v -0.0704388 -0.5075638 0.01827013
v -0.0704388 -0.5183777 0.007456198
v -0.0704388 -0.5223359 -0.007315919
v -0.0704388 -0.5183777 -0.02208804
v -0.0704388 -0.5075637 -0.03290199
v -0.08085769 -0.4780196 -0.03290197
v -0.08085769 -0.4927917 -0.03686015
v -0.08085769 -0.4672056 -0.02208804
v -0.08085769 -0.4632474 -0.007315919
v -0.08085769 -0.4672056 0.007456198
v -0.08085769 -0.4780196 0.01827013
v -0.08085769 -0.4927917 0.02222832
v -0.08085769 -0.5075638 0.01827013
v -0.08085769 -0.5183777 0.007456198
v -0.08085769 -0.5223359 -0.007315919
v -0.08085769 -0.5183777 -0.02208804
v -0.08085769 -0.5075637 -0.03290197
v -0.09064825 -0.4798013 -0.02981591
v -0.09064825 -0.4927917 -0.03329667
v -0.09064825 -0.4702916 -0.0203063
v -0.09064825 -0.4668109 -0.007315919
v -0.09064825 -0.4702916 0.005674466
v -0.09064825 -0.4798013 0.01518407
v -0.09064825 -0.4927917 0.01866484
v -0.09064825 -0.505782 0.01518407
v -0.09064825 -0.5152917 0.005674466
v -0.09064825 -0.5187724 -0.007315919
v -0.09064825 -0.5152917 -0.0203063
v -0.09064825 -0.505782 -0.02981593
v -0.09862958 -0.4831499 -0.02401604
v -0.09862958 -0.4927917 -0.02659954
v -0.09862958 -0.4760915 -0.01695773
v -0.09862958 -0.473508 -0.007315919
v -0.09862958 -0.4760915 0.002325892
v -0.09862958 -0.4831499 0.0093842
v -0.09862958 -0.4927917 0.0119677
v -0.09862958 -0.5024334 0.009384185
v -0.09862958 -0.5094918 0.002325892
v -0.09862958 -0.5120753 -0.007315919
v -0.09862958 -0.5094918 -0.01695773
v -0.09862958 -0.5024334 -0.02401604
v -0.103839 -0.4876614 -0.01620185
v -0.103839 -0.4927917 -0.01757652
v -0.103839 -0.4839057 -0.01244622
v -0.103839 -0.4825311 -0.007315919
v -0.103839 -0.4839057 -0.002185613
v -0.103839 -0.4876614 0.001570016
v -0.103839 -0.4927917 0.002944678
v -0.103839 -0.4979219 0.001570016
v -0.103839 -0.5016776 -0.002185613
v -0.103839 -0.5030522 -0.007315919
v -0.103839 -0.5016776 -0.01244622
v -0.103839 -0.4979219 -0.01620185
v -0.1056482 -0.4927917 -0.007315919
v 0.00435175 -0.4927917 0.04177253
v -0.0045342 -0.4876614 0.04358174
v -0.005908862 -0.4927917 0.04358174
v -0.0007785559 -0.4839057 0.04358174
v 0.00435175 -0.4825311 0.04358174
v 0.009482056 -0.4839057 0.04358174
v 0.0132377 -0.4876614 0.04358174
v 0.01461236 -0.4927917 0.04358174
v 0.0132377 -0.4979219 0.04358174
v 0.009482056 -0.5016776 0.04358174
v 0.00435175 -0.5030522 0.04358174
v -0.0007785559 -0.5016776 0.04358174
v -0.0045342 -0.4979219 0.04358174
v -0.01234837 -0.4831499 0.04879119
v -0.01493187 -0.4927917 0.04879119
v -0.005290061 -0.4760915 0.04879119
v 0.00435175 -0.473508 0.04879119
v 0.01399356 -0.4760915 0.04879119
v 0.02105187 -0.4831499 0.04879119
v 0.02363537 -0.4927917 0.04879119
v 0.02105185 -0.5024334 0.04879119
v 0.01399356 -0.5094918 0.04879119
v 0.00435175 -0.5120753 0.04879119
v -0.005290061 -0.5094918 0.04879119
v -0.01234837 -0.5024334 0.04879119
v -0.01814824 -0.4798013 0.05677252
v -0.02162902 -0.4927917 0.05677254
v -0.008638635 -0.4702916 0.05677252
v 0.00435175 -0.4668109 0.05677252
v 0.01734214 -0.4702916 0.05677252
v 0.02685174 -0.4798013 0.05677252
v 0.03033252 -0.4927917 0.05677254
v 0.02685174 -0.505782 0.05677254
v 0.01734214 -0.5152917 0.05677254
v 0.00435175 -0.5187724 0.05677254
v -0.008638635 -0.5152917 0.05677254
v -0.01814826 -0.505782 0.05677254
v -0.0212343 -0.4780196 0.06656308
v -0.02519248 -0.4927917 0.06656308
v -0.01042037 -0.4672056 0.06656308
v 0.00435175 -0.4632474 0.06656308
v 0.01912387 -0.4672056 0.06656308
v 0.0299378 -0.4780195 0.06656308
v 0.03389598 -0.4927917 0.06656308
v 0.0299378 -0.5075638 0.06656308
v 0.01912387 -0.5183777 0.06656308
v 0.00435175 -0.5223359 0.06656308
v -0.01042037 -0.5183777 0.06656308
v -0.02123432 -0.5075637 0.06656308
v -0.0212343 -0.4780195 0.07698198
v -0.02519248 -0.4927917 0.07698198
v -0.01042037 -0.4672056 0.07698198
v 0.00435175 -0.4632474 0.07698198
v 0.01912387 -0.4672056 0.07698198
v 0.0299378 -0.4780195 0.07698198
v 0.03389598 -0.4927917 0.07698198
v 0.0299378 -0.5075638 0.07698198
v 0.01912387 -0.5183777 0.07698198
v 0.00435175 -0.5223359 0.07698198
v -0.01042037 -0.5183777 0.07698198
v -0.0212343 -0.5075637 0.07698198
v -0.01814824 -0.4798013 0.08677255
v -0.02162901 -0.4927917 0.08677255
v -0.008638635 -0.4702916 0.08677252
v 0.00435175 -0.4668109 0.08677252
v 0.01734214 -0.4702916 0.08677252
v 0.02685174 -0.4798013 0.08677255
v 0.03033251 -0.4927917 0.08677255
v 0.02685174 -0.505782 0.08677255
v 0.01734214 -0.5152917 0.08677255
v 0.00435175 -0.5187724 0.08677255
v -0.008638635 -0.5152917 0.08677255
v -0.01814826 -0.505782 0.08677255
v -0.01234837 -0.4831499 0.09475388
v -0.01493187 -0.4927917 0.09475388
v -0.005290061 -0.4760915 0.09475388
v 0.00435175 -0.473508 0.09475388
v 0.01399356 -0.4760915 0.09475388
v 0.02105187 -0.4831499 0.09475388
v 0.02363537 -0.4927917 0.09475388
v 0.02105185 -0.5024334 0.09475388
v 0.01399356 -0.5094918 0.09475388
v 0.00435175 -0.5120753 0.09475388
v -0.005290061 -0.5094918 0.09475388
v -0.01234837 -0.5024334 0.09475388
v -0.004534185 -0.4876614 0.09996332
v -0.005908847 -0.4927917 0.09996332
v -0.0007785559 -0.4839057 0.09996332
v 0.00435175 -0.4825311 0.09996332
v 0.009482056 -0.4839057 0.09996332
v 0.01323768 -0.4876614 0.09996332
v 0.01461235 -0.4927917 0.09996332
v 0.01323768 -0.4979219 0.09996332
v 0.009482056 -0.5016776 0.09996332
v 0.00435175 -0.5030522 0.09996332
v -0.0007785559 -0.5016776 0.09996332
v -0.004534185 -0.4979219 0.09996332
v 0.00435175 -0.4927917 0.1017725
v 0.0534402 -0.4927917 -0.008227453
v 0.05524942 -0.4876614 0.0006584972
v 0.05524942 -0.4927917 0.002033159
v 0.05524942 -0.4839057 -0.003097147
v 0.05524942 -0.4825311 -0.008227453
v 0.05524942 -0.4839057 -0.01335776
v 0.05524942 -0.4876614 -0.0171134
v 0.05524942 -0.4927917 -0.01848806
v 0.05524942 -0.4979219 -0.0171134
v 0.05524942 -0.5016776 -0.01335776
v 0.05524942 -0.5030522 -0.008227453
v 0.05524942 -0.5016776 -0.003097147
v 0.05524942 -0.4979219 0.0006584972
v 0.06045887 -0.4831499 0.008472666
v 0.06045887 -0.4927917 0.01105617
v 0.06045887 -0.4760915 0.001414359
v 0.06045887 -0.473508 -0.008227453
v 0.06045887 -0.4760915 -0.01786926
v 0.06045887 -0.4831499 -0.02492757
v 0.06045887 -0.4927917 -0.02751108
v 0.06045887 -0.5024334 -0.02492756
v 0.06045887 -0.5094918 -0.01786926
v 0.06045887 -0.5120753 -0.008227453
v 0.06045887 -0.5094918 0.001414359
v 0.06045887 -0.5024334 0.008472666
v 0.06844021 -0.4798013 0.01427254
v 0.06844021 -0.4927917 0.01775332
v 0.06844021 -0.4702916 0.004762933
v 0.06844021 -0.4668109 -0.008227453
v 0.06844021 -0.4702916 -0.02121784
v 0.06844021 -0.4798013 -0.03072746
v 0.06844018 -0.4927917 -0.03420822
v 0.06844018 -0.505782 -0.03072745
v 0.06844018 -0.5152917 -0.02121784
v 0.06844018 -0.5187724 -0.008227453
v 0.06844018 -0.5152917 0.004762933
v 0.06844021 -0.505782 0.01427256
v 0.07823075 -0.4780196 0.0173586
v 0.07823075 -0.4927917 0.02131678
v 0.07823075 -0.4672056 0.006544665
v 0.07823075 -0.4632474 -0.008227453
v 0.07823075 -0.4672056 -0.02299957
v 0.07823075 -0.4780195 -0.03381351
v 0.07823075 -0.4927917 -0.03777169
v 0.07823075 -0.5075638 -0.03381351
v 0.07823075 -0.5183777 -0.02299957
v 0.07823075 -0.5223359 -0.008227453
v 0.07823075 -0.5183777 0.006544665
v 0.07823075 -0.5075637 0.01735862
v 0.08864965 -0.4780196 0.0173586
v 0.08864965 -0.4927917 0.02131678
v 0.08864965 -0.4672056 0.006544665
v 0.08864965 -0.4632474 -0.008227453
v 0.08864965 -0.4672056 -0.02299957
v 0.08864965 -0.4780196 -0.03381351
v 0.08864965 -0.4927917 -0.03777169
v 0.08864965 -0.5075638 -0.03381351
v 0.08864965 -0.5183777 -0.02299957
v 0.08864965 -0.5223359 -0.008227453
v 0.08864965 -0.5183777 0.006544665
v 0.08864965 -0.5075637 0.01735862
v 0.09844021 -0.4798013 0.01427254
v 0.09844021 -0.4927917 0.01775332
v 0.09844021 -0.4702916 0.004762933
v 0.09844021 -0.4668109 -0.008227453
v 0.09844021 -0.4702916 -0.02121784
v 0.09844021 -0.4798013 -0.03072746
v 0.09844019 -0.4927917 -0.03420822
v 0.09844019 -0.505782 -0.03072745
v 0.09844019 -0.5152917 -0.02121782
v 0.09844019 -0.5187724 -0.008227453
v 0.09844019 -0.5152917 0.004762933
v 0.09844021 -0.505782 0.01427256
v 0.1064215 -0.4831499 0.008472666
v 0.1064215 -0.4927917 0.01105617
v 0.1064215 -0.4760915 0.001414359
v 0.1064215 -0.473508 -0.008227453
v 0.1064215 -0.4760915 -0.01786926
v 0.1064215 -0.4831499 -0.02492757
v 0.1064215 -0.4927917 -0.02751108
v 0.1064215 -0.5024334 -0.02492756
v 0.1064215 -0.5094918 -0.01786926
v 0.1064215 -0.5120753 -0.008227453
v 0.1064215 -0.5094918 0.001414359
v 0.1064215 -0.5024334 0.008472666
v 0.111631 -0.4876614 0.0006584823
v 0.111631 -0.4927917 0.002033144
v 0.111631 -0.4839057 -0.003097147
v 0.111631 -0.4825311 -0.008227453
v 0.111631 -0.4839057 -0.01335776
v 0.111631 -0.4876614 -0.01711339
v 0.111631 -0.4927917 -0.01848805
v 0.111631 -0.4979219 -0.01711339
v 0.111631 -0.5016776 -0.01335776
v 0.111631 -0.5030522 -0.008227453
v 0.111631 -0.5016776 -0.003097147
v 0.111631 -0.4979219 0.0006584972
v 0.1134402 -0.4927917 -0.008227453
v 0.00435175 -0.4927917 -0.05822745
v 0.0132377 -0.4876614 -0.06003667
v 0.01461236 -0.4927917 -0.06003667
v 0.009482056 -0.4839057 -0.06003667
v 0.00435175 -0.4825311 -0.06003667
v -0.0007785559 -0.4839057 -0.06003667
v -0.0045342 -0.4876614 -0.06003667
v -0.005908862 -0.4927917 -0.06003667
v -0.0045342 -0.4979219 -0.06003667
v -0.0007785559 -0.5016776 -0.06003666
v 0.00435175 -0.5030522 -0.06003666
v 0.009482056 -0.5016776 -0.06003666
v 0.0132377 -0.4979219 -0.06003667
v 0.02105187 -0.4831499 -0.06524612
v 0.02363539 -0.4927917 -0.06524612
v 0.01399358 -0.4760915 -0.06524612
v 0.00435175 -0.473508 -0.06524612
v -0.005290061 -0.4760915 -0.06524612
v -0.01234837 -0.4831499 -0.06524612
v -0.01493189 -0.4927917 -0.06524612
v -0.01234837 -0.5024334 -0.06524612
v -0.005290061 -0.5094918 -0.06524611
v 0.00435175 -0.5120753 -0.06524611
v 0.01399356 -0.5094918 -0.06524611
v 0.02105187 -0.5024334 -0.06524612
v 0.02685176 -0.4798013 -0.07322745
v 0.03033252 -0.4927917 -0.07322745
v 0.01734214 -0.4702916 -0.07322747
v 0.00435175 -0.4668109 -0.07322747
v -0.008638635 -0.4702916 -0.07322747
v -0.01814826 -0.4798013 -0.07322745
v -0.02162902 -0.4927917 -0.07322745
v -0.01814826 -0.505782 -0.07322745
v -0.008638635 -0.5152917 -0.07322744
v 0.00435175 -0.5187724 -0.07322744
v 0.01734214 -0.5152917 -0.07322744
v 0.02685176 -0.505782 -0.07322745
v 0.02993782 -0.4780196 -0.08301802
v 0.03389598 -0.4927917 -0.083018
v 0.01912387 -0.4672056 -0.08301802
v 0.00435175 -0.4632474 -0.08301802
v -0.01042037 -0.4672056 -0.08301802
v -0.02123432 -0.4780195 -0.08301802
v -0.02519248 -0.4927917 -0.083018
v -0.02123432 -0.5075638 -0.083018
v -0.01042037 -0.5183777 -0.083018
v 0.00435175 -0.5223359 -0.08301799
v 0.01912387 -0.5183777 -0.083018
v 0.02993782 -0.5075637 -0.083018
v 0.02993782 -0.4780196 -0.0934369
v 0.03389598 -0.4927917 -0.0934369
v 0.01912387 -0.4672056 -0.09343691
v 0.00435175 -0.4632474 -0.09343691
v -0.01042037 -0.4672056 -0.09343691
v -0.0212343 -0.4780195 -0.0934369
v -0.02519248 -0.4927917 -0.0934369
v -0.0212343 -0.5075638 -0.0934369
v -0.01042037 -0.5183777 -0.09343688
v 0.00435175 -0.5223359 -0.09343688
v 0.01912387 -0.5183777 -0.09343688
v 0.02993782 -0.5075637 -0.0934369
v 0.02685176 -0.4798013 -0.1032275
v 0.03033252 -0.4927917 -0.1032275
v 0.01734214 -0.4702916 -0.1032275
v 0.00435175 -0.4668109 -0.1032275
v -0.008638635 -0.4702916 -0.1032275
v -0.01814826 -0.4798013 -0.1032275
v -0.02162902 -0.4927917 -0.1032275
v -0.01814826 -0.505782 -0.1032275
v -0.008638635 -0.5152917 -0.1032274
v 0.00435175 -0.5187724 -0.1032274
v 0.01734214 -0.5152917 -0.1032274
v 0.02685176 -0.505782 -0.1032275
v 0.02105187 -0.4831499 -0.1112088
v 0.02363539 -0.4927917 -0.1112088
v 0.01399358 -0.4760915 -0.1112088
v 0.00435175 -0.473508 -0.1112088
v -0.005290061 -0.4760915 -0.1112088
v -0.01234837 -0.4831499 -0.1112088
v -0.01493189 -0.4927917 -0.1112088
v -0.01234837 -0.5024334 -0.1112088
v -0.005290061 -0.5094918 -0.1112088
v 0.00435175 -0.5120753 -0.1112088
v 0.01399356 -0.5094918 -0.1112088
v 0.02105187 -0.5024334 -0.1112088
v 0.0132377 -0.4876614 -0.1164182
v 0.01461235 -0.4927917 -0.1164182
v 0.009482056 -0.4839057 -0.1164182
v 0.00435175 -0.4825311 -0.1164182
v -0.0007785559 -0.4839057 -0.1164182
v -0.0045342 -0.4876614 -0.1164182
v -0.005908847 -0.4927917 -0.1164182
v -0.0045342 -0.4979219 -0.1164182
v -0.0007785559 -0.5016776 -0.1164182
v 0.00435175 -0.5030522 -0.1164182
v 0.009482056 -0.5016776 -0.1164182
v 0.0132377 -0.4979219 -0.1164182
v 0.00435175 -0.4927917 -0.1182275
vn 0.688177 -0.7255429 1.717685E-08
vn -0.6881781 -6.638695E-09 -0.7255418
vn 0 -1 0
vn 0 1 0
vn 0.7255424 1.389415E-08 -0.6881775
vn -1.421898E-08 -0.7255407 0.6881793
vn 4.251536E-08 0.7255455 -0.6881742
vn -0.7255428 -1.47986E-08 -0.688177
vn 3.195103E-08 -0.7255433 -0.6881765
vn 0 0 -1
vn 0.6881781 1.561498E-08 0.7255418
vn 0.6881746 0.725545 9.343098E-09
vn 0.6881778 -7.240498E-09 -0.725542
vn 1 0 0
vn -0.7255421 -1.213392E-08 0.6881778
vn -1.509106E-08 0.7255451 0.6881746
vn 0.7255418 -1.298978E-08 0.6881781
vn 0 0 1
vn -0.6881739 0.7255458 3.384847E-08
vn -0.6881762 1.665493E-08 0.7255436
vn -0.6881785 -0.7255414 1.33623E-08
vn -1 0 0
vn 0.9659262 -3.216513E-07 -0.2588184
vn 0.707107 -1.500382E-07 -0.7071068
vn 0.2588188 6.406019E-08 -0.9659261
vn -0.2588189 2.259366E-07 -0.965926
vn -0.7071068 3.353549E-07 -0.7071069
vn -0.9659259 3.319447E-07 -0.2588193
vn -0.9659259 2.450475E-07 0.2588193
vn -0.7071068 7.085336E-08 0.707107
vn -0.2588188 -1.184291E-07 0.9659261
vn 0.2588184 -3.219428E-07 0.9659261
vn 0.7071072 -3.803295E-07 0.7071065
vn 0.965926 -3.797379E-07 0.2588189
vn 3.496912E-07 1 1.748456E-07
vn -3.496912E-07 -1 -1.748456E-07
vn 0.9659261 -1.980167E-07 -0.2588186
vn 0.7071069 -1.500382E-07 -0.7071069
vn 0.2588186 -5.957439E-08 -0.9659261
vn -0.258819 1.179542E-08 -0.9659259
vn -0.7071069 8.808594E-08 -0.7071068
vn -0.9659259 1.178035E-07 -0.2588191
vn -0.9659258 1.21413E-07 0.2588195
vn -0.7071066 7.085341E-08 0.7071071
vn -0.2588186 5.205442E-09 0.9659261
vn 0.2588186 -1.078016E-07 0.9659261
vn 0.7071074 -1.330604E-07 0.7071064
vn 0.965926 -1.655967E-07 0.2588187
vn 1.748456E-07 1 0
vn -1.748456E-07 -1 0
vn 0.688177 -0.7255429 1.717685E-08
vn -0.6881781 -6.638695E-09 -0.7255418
vn 6.720131E-08 -0.3252061 -0.9456432
vn 0 1 0
vn 0.7255424 1.389415E-08 -0.6881775
vn -1.421898E-08 -0.7255407 0.6881793
vn 4.251536E-08 0.7255455 -0.6881742
vn -0.7255428 -1.47986E-08 -0.688177
vn 3.195103E-08 -0.7255433 -0.6881765
vn 0 0 -1
vn 0.6881781 1.561498E-08 0.7255418
vn 0.6881746 0.725545 9.343098E-09
vn 0.6881778 -7.240498E-09 -0.725542
vn 1 0 0
vn -0.7255421 -1.213392E-08 0.6881778
vn -1.509106E-08 0.7255451 0.6881746
vn 0.7255418 -1.298978E-08 0.6881781
vn 0 0 1
vn -0.6881739 0.7255458 3.384847E-08
vn -0.6881762 1.665493E-08 0.7255436
vn -0.6881785 -0.7255414 1.33623E-08
vn -1 0 0
vn -0.945643 -0.3252066 9.692406E-09
vn 2.179208E-08 -0.3252068 0.9456429
vn 0.945643 -0.3252065 9.842792E-09
vn 1.499651E-07 -0.7324951 -0.6807723
vn -0.6807719 -0.7324954 -5.573096E-08
vn -6.861923E-09 -0.7324954 0.680772
vn 0.6807725 -0.732495 7.826742E-08
vn 0 -1 0
vn 0.9113522 1.863209E-08 -0.4116276
vn -7.977395E-09 -0.9113524 0.411627
vn 0.7558061 -0.6547955 2.623662E-08
vn -0.9244222 -1.157076E-08 -0.3813705
vn 0 -1 0
vn 0.5001465 0.8659408 1.901412E-09
vn -0.9113523 -1.95286E-08 0.4116272
vn -1.493108E-08 0.9113518 0.4116285
vn 0.9113524 -1.974329E-08 0.4116271
vn 0 0 1
vn -2.363844E-08 0.9113517 -0.4116285
vn -0.9113521 1.15839E-08 -0.4116277
vn 1.910423E-09 -0.9113523 -0.4116272
vn 0 0 -1
vn 0.9244223 1.981701E-08 0.3813706
vn 0.7558047 0.6547971 2.567636E-08
vn 0.9244221 -1.333543E-08 -0.3813709
vn 0.783814 0.6209956 7.004214E-08
vn 0.9356275 -3.114462E-08 -0.3529889
vn 0.783814 -0.6209956 6.889409E-08
vn 0.9356276 -1.225747E-08 0.3529887
vn 1 0 0
vn -0.7558075 0.6547939 2.36219E-08
vn -0.9244224 -2.539697E-08 0.38137
vn -0.7558045 -0.6547974 1.821467E-08
vn -0.9891313 -1.966863E-09 0.1470347
vn -0.954571 -0.2979836 9.008506E-08
vn -0.9891313 -2.393121E-08 -0.1470351
vn -0.9545697 0.2979878 9.131305E-08
vn -1 0 0
vn -2.728832E-08 0.9641964 0.2651889
vn -0.5001462 0.8659409 7.803782E-09
vn 4.585868E-10 0.9641966 -0.2651888
vn -0.6835481 0.7299055 5.814097E-08
vn 4.404488E-08 0.9133016 -0.4072838
vn 0.6835482 0.7299054 -9.089263E-08
vn -4.703641E-09 0.9133015 0.407284
vn 0 1 0
vn 1 0 0
vn 1 0 0
vn 1 0 0
vn 1 0 0
vn 1 0 0
vn 1 0 0
vn 1 0 0
vn 1 0 0
vn 1 0 0
vn 1 0 0
vn 1 0 0
vn 1 0 0
vn 0.9396926 0 -0.3420202
vn 0.9396926 0.1710101 -0.2961981
vn 0.9396926 0.2961982 -0.1710101
vn 0.9396926 0.3420202 1.495018E-08
vn 0.9396926 0.2961981 0.1710101
vn 0.9396926 0.1710101 0.2961981
vn 0.9396926 -2.990035E-08 0.3420202
vn 0.9396926 -0.1710101 0.2961981
vn 0.9396926 -0.2961982 0.17101
vn 0.9396926 -0.3420202 -4.078549E-09
vn 0.9396926 -0.2961982 -0.17101
vn 0.9396926 -0.17101 -0.2961982
vn 0.7660444 0 -0.6427876
vn 0.7660444 0.3213938 -0.5566704
vn 0.7660444 0.5566704 -0.3213938
vn 0.7660444 0.6427876 2.809714E-08
vn 0.7660444 0.5566704 0.3213938
vn 0.7660444 0.3213938 0.5566704
vn 0.7660444 -5.619428E-08 0.6427876
vn 0.7660444 -0.3213939 0.5566703
vn 0.7660444 -0.5566704 0.3213938
vn 0.7660444 -0.6427876 -7.665165E-09
vn 0.7660444 -0.5566704 -0.3213938
vn 0.7660444 -0.3213936 -0.5566705
vn 0.4999999 0 -0.8660254
vn 0.5 0.4330127 -0.75
vn 0.5 0.7500001 -0.4330127
vn 0.4999999 0.8660254 3.785517E-08
vn 0.5 0.75 0.4330128
vn 0.5 0.4330128 0.75
vn 0.4999999 -7.571034E-08 0.8660254
vn 0.5 -0.4330129 0.7499999
vn 0.5 -0.7500001 0.4330126
vn 0.4999999 -0.8660254 -1.032725E-08
vn 0.5 -0.7500001 -0.4330126
vn 0.4999999 -0.4330125 -0.7500001
vn 0.1736481 0 -0.9848078
vn 0.1736481 0.4924039 -0.8528686
vn 0.1736481 0.8528686 -0.4924038
vn 0.1736481 0.9848078 4.304732E-08
vn 0.1736481 0.8528686 0.492404
vn 0.1736481 0.492404 0.8528686
vn 0.1736481 -8.609463E-08 0.9848078
vn 0.1736481 -0.4924041 0.8528684
vn 0.1736481 -0.8528686 0.4924038
vn 0.1736481 -0.9848078 -1.174372E-08
vn 0.1736481 -0.8528686 -0.4924038
vn 0.1736481 -0.4924036 -0.8528687
vn -0.1736482 0 -0.9848078
vn -0.1736482 0.4924039 -0.8528686
vn -0.1736482 0.8528686 -0.4924038
vn -0.1736482 0.9848078 4.304732E-08
vn -0.1736482 0.8528685 0.4924039
vn -0.1736482 0.4924039 0.8528685
vn -0.1736482 -8.609463E-08 0.9848078
vn -0.1736482 -0.4924041 0.8528684
vn -0.1736482 -0.8528686 0.4924038
vn -0.1736482 -0.9848078 -1.174372E-08
vn -0.1736482 -0.8528686 -0.4924038
vn -0.1736482 -0.4924036 -0.8528687
vn -0.5000001 0 -0.8660254
vn -0.5000001 0.4330127 -0.75
vn -0.5000001 0.75 -0.4330127
vn -0.5000001 0.8660254 3.785517E-08
vn -0.5000001 0.7499999 0.4330127
vn -0.5000001 0.4330127 0.7499999
vn -0.5000001 -7.571035E-08 0.8660254
vn -0.5000001 -0.4330128 0.7499999
vn -0.5000001 -0.75 0.4330126
vn -0.5000001 -0.8660254 -1.032725E-08
vn -0.5000001 -0.75 -0.4330126
vn -0.5000001 -0.4330125 -0.7500001
vn -0.7660444 0 -0.6427876
vn -0.7660444 0.3213938 -0.5566704
vn -0.7660444 0.5566704 -0.3213938
vn -0.7660444 0.6427876 2.809714E-08
vn -0.7660444 0.5566704 0.3213938
vn -0.7660444 0.3213938 0.5566704
vn -0.7660444 -5.619428E-08 0.6427876
vn -0.7660444 -0.3213939 0.5566703
vn -0.7660444 -0.5566704 0.3213938
vn -0.7660444 -0.6427876 -7.665165E-09
vn -0.7660444 -0.5566704 -0.3213938
vn -0.7660444 -0.3213936 -0.5566705
vn -0.9396927 0 -0.34202
vn -0.9396926 0.17101 -0.296198
vn -0.9396926 0.296198 -0.17101
vn -0.9396927 0.34202 1.495017E-08
vn -0.9396926 0.296198 0.17101
vn -0.9396926 0.17101 0.296198
vn -0.9396927 -2.990034E-08 0.34202
vn -0.9396926 -0.17101 0.296198
vn -0.9396926 -0.296198 0.17101
vn -0.9396927 -0.34202 -4.078548E-09
vn -0.9396926 -0.296198 -0.17101
vn -0.9396927 -0.1710099 -0.2961981
vn 0.8697968 0.2330612 0.4348983
vn 0.6367354 0.6367353 0.4348982
vn 0.2330613 0.8697966 0.4348982
vn -0.2330613 0.8697966 0.4348982
vn -0.6367354 0.6367352 0.4348983
vn -0.8697967 0.2330611 0.4348983
vn -0.8697966 -0.2330615 0.4348983
vn -0.6367353 -0.6367354 0.4348983
vn -0.2330613 -0.8697966 0.4348984
vn 0.2330613 -0.8697966 0.4348984
vn 0.6367354 -0.6367354 0.4348983
vn 0.8697968 -0.2330611 0.4348984
vn 0 1.192093E-07 -1
vn 0.8697968 0.2330612 0.4348984
vn 0.6367353 0.6367353 0.4348983
vn 0.2330612 0.8697966 0.4348983
vn -0.2330613 0.8697966 0.4348982
vn -0.6367354 0.6367352 0.4348982
vn -0.8697968 0.2330611 0.4348982
vn -0.8697967 -0.2330615 0.4348982
vn -0.6367353 -0.6367354 0.4348983
vn -0.2330613 -0.8697966 0.4348984
vn 0.2330613 -0.8697966 0.4348984
vn 0.6367353 -0.6367354 0.4348984
vn 0.8697968 -0.2330611 0.4348984
vn 8.742279E-08 1.192093E-07 -1
vn 0.8697968 0.2330612 0.4348984
vn 0.6367353 0.6367353 0.4348983
vn 0.2330612 0.8697966 0.4348983
vn -0.2330613 0.8697966 0.4348982
vn -0.6367354 0.6367352 0.4348982
vn -0.8697968 0.2330611 0.4348982
vn -0.8697967 -0.2330615 0.4348982
vn -0.6367353 -0.6367354 0.4348983
vn -0.2330613 -0.8697966 0.4348984
vn 0.2330613 -0.8697966 0.4348984
vn 0.6367353 -0.6367354 0.4348984
vn 0.8697968 -0.2330611 0.4348984
vn 8.742279E-08 1.192093E-07 -1
vn 0.8697968 0.2330612 0.4348984
vn 0.6367353 0.6367353 0.4348983
vn 0.2330612 0.8697966 0.4348983
vn -0.2330613 0.8697966 0.4348982
vn -0.6367354 0.6367352 0.4348982
vn -0.8697968 0.2330611 0.4348982
vn -0.8697967 -0.2330615 0.4348982
vn -0.6367353 -0.6367354 0.4348983
vn -0.2330613 -0.8697966 0.4348984
vn 0.2330613 -0.8697966 0.4348984
vn 0.6367353 -0.6367354 0.4348984
vn 0.8697968 -0.2330611 0.4348984
vn 8.742279E-08 1.192093E-07 -1
vn 0.8697968 0.2330612 0.4348983
vn 0.6367354 0.6367353 0.4348982
vn 0.2330613 0.8697966 0.4348982
vn -0.2330613 0.8697966 0.4348982
vn -0.6367354 0.6367352 0.4348983
vn -0.8697967 0.2330611 0.4348983
vn -0.8697966 -0.2330615 0.4348983
vn -0.6367353 -0.6367354 0.4348983
vn -0.2330613 -0.8697966 0.4348984
vn 0.2330613 -0.8697966 0.4348984
vn 0.6367354 -0.6367354 0.4348983
vn 0.8697968 -0.2330611 0.4348984
vn 0 1.192093E-07 -1
vn 0.8697968 0.2330612 0.4348983
vn 0.6367354 0.6367353 0.4348982
vn 0.2330613 0.8697966 0.4348982
vn -0.2330613 0.8697966 0.4348982
vn -0.6367354 0.6367352 0.4348983
vn -0.8697967 0.2330611 0.4348983
vn -0.8697966 -0.2330615 0.4348983
vn -0.6367353 -0.6367354 0.4348983
vn -0.2330613 -0.8697966 0.4348984
vn 0.2330613 -0.8697966 0.4348984
vn 0.6367354 -0.6367354 0.4348983
vn 0.8697968 -0.2330611 0.4348984
vn 0 1.192093E-07 -1
vn 0.8697968 0.2330612 0.4348984
vn 0.6367353 0.6367353 0.4348983
vn 0.2330612 0.8697966 0.4348983
vn -0.2330613 0.8697966 0.4348982
vn -0.6367354 0.6367352 0.4348982
vn -0.8697968 0.2330611 0.4348982
vn -0.8697967 -0.2330615 0.4348982
vn -0.6367353 -0.6367354 0.4348983
vn -0.2330613 -0.8697966 0.4348984
vn 0.2330613 -0.8697966 0.4348984
vn 0.6367353 -0.6367354 0.4348984
vn 0.8697968 -0.2330611 0.4348984
vn 8.742279E-08 1.192093E-07 -1
vn 0.8697968 0.2330612 0.4348984
vn 0.6367353 0.6367353 0.4348983
vn 0.2330612 0.8697966 0.4348983
vn -0.2330613 0.8697966 0.4348982
vn -0.6367354 0.6367352 0.4348982
vn -0.8697968 0.2330611 0.4348982
vn -0.8697967 -0.2330615 0.4348982
vn -0.6367353 -0.6367354 0.4348983
vn -0.2330613 -0.8697966 0.4348984
vn 0.2330613 -0.8697966 0.4348984
vn 0.6367353 -0.6367354 0.4348984
vn 0.8697968 -0.2330611 0.4348984
vn 8.742279E-08 1.192093E-07 -1
vn 0.8697967 0.2330612 0.4348985
vn 0.6367353 0.6367353 0.4348984
vn 0.2330611 0.8697966 0.4348983
vn -0.2330614 0.8697966 0.4348982
vn -0.6367354 0.6367352 0.4348981
vn -0.8697968 0.2330611 0.434898
vn -0.8697968 -0.2330615 0.4348981
vn -0.6367353 -0.6367354 0.4348982
vn -0.2330614 -0.8697966 0.4348983
vn 0.2330612 -0.8697966 0.4348984
vn 0.6367353 -0.6367354 0.4348985
vn 0.8697967 -0.2330611 0.4348986
vn 2.622684E-07 1.192093E-07 -1
vn 0.8697967 0.2330612 0.4348985
vn 0.6367353 0.6367353 0.4348984
vn 0.2330611 0.8697966 0.4348983
vn -0.2330614 0.8697966 0.4348982
vn -0.6367354 0.6367352 0.4348981
vn -0.8697968 0.2330611 0.434898
vn -0.8697968 -0.2330615 0.4348981
vn -0.6367353 -0.6367354 0.4348982
vn -0.2330614 -0.8697966 0.4348983
vn 0.2330612 -0.8697966 0.4348984
vn 0.6367353 -0.6367354 0.4348985
vn 0.8697967 -0.2330611 0.4348986
vn 2.622684E-07 1.192093E-07 -1
vn 0.8697968 0.2330612 0.4348983
vn 0.6367354 0.6367353 0.4348982
vn 0.2330613 0.8697966 0.4348982
vn -0.2330613 0.8697966 0.4348982
vn -0.6367354 0.6367352 0.4348983
vn -0.8697967 0.2330611 0.4348983
vn -0.8697966 -0.2330615 0.4348983
vn -0.6367353 -0.6367354 0.4348983
vn -0.2330613 -0.8697966 0.4348984
vn 0.2330613 -0.8697966 0.4348984
vn 0.6367354 -0.6367354 0.4348983
vn 0.8697968 -0.2330611 0.4348984
vn 0 1.192093E-07 -1
vn 0.8697968 0.2330612 0.4348983
vn 0.6367354 0.6367353 0.4348982
vn 0.2330613 0.8697966 0.4348982
vn -0.2330613 0.8697966 0.4348982
vn -0.6367354 0.6367352 0.4348983
vn -0.8697967 0.2330611 0.4348983
vn -0.8697966 -0.2330615 0.4348983
vn -0.6367353 -0.6367354 0.4348983
vn -0.2330613 -0.8697966 0.4348984
vn 0.2330613 -0.8697966 0.4348984
vn 0.6367354 -0.6367354 0.4348983
vn 0.8697968 -0.2330611 0.4348984
vn 0 1.192093E-07 -1
vn 0.8697968 0.2330612 0.4348983
vn 0.6367354 0.6367353 0.4348982
vn 0.2330613 0.8697966 0.4348982
vn -0.2330613 0.8697966 0.4348982
vn -0.6367354 0.6367352 0.4348983
vn -0.8697967 0.2330611 0.4348983
vn -0.8697966 -0.2330615 0.4348983
vn -0.6367353 -0.6367354 0.4348983
vn -0.2330613 -0.8697966 0.4348984
vn 0.2330613 -0.8697966 0.4348984
vn 0.6367354 -0.6367354 0.4348983
vn 0.8697968 -0.2330611 0.4348984
vn 0 1.192093E-07 -1
vn 0.8697968 0.2330612 0.4348983
vn 0.6367354 0.6367353 0.4348982
vn 0.2330613 0.8697966 0.4348982
vn -0.2330613 0.8697966 0.4348982
vn -0.6367354 0.6367352 0.4348983
vn -0.8697967 0.2330611 0.4348983
vn -0.8697966 -0.2330615 0.4348983
vn -0.6367353 -0.6367354 0.4348983
vn -0.2330613 -0.8697966 0.4348984
vn 0.2330613 -0.8697966 0.4348984
vn 0.6367354 -0.6367354 0.4348983
vn 0.8697968 -0.2330611 0.4348984
vn 0 1.192093E-07 -1
vn 0.8697968 0.2330612 0.4348984
vn 0.6367353 0.6367353 0.4348983
vn 0.2330612 0.8697966 0.4348983
vn -0.2330613 0.8697966 0.4348982
vn -0.6367354 0.6367352 0.4348982
vn -0.8697968 0.2330611 0.4348982
vn -0.8697967 -0.2330615 0.4348982
vn -0.6367353 -0.6367354 0.4348983
vn -0.2330613 -0.8697966 0.4348984
vn 0.2330613 -0.8697966 0.4348984
vn 0.6367353 -0.6367354 0.4348984
vn 0.8697968 -0.2330611 0.4348984
vn 8.742279E-08 1.192093E-07 -1
vn 0.8697967 0.2330612 0.4348985
vn 0.6367353 0.6367353 0.4348984
vn 0.2330611 0.8697966 0.4348983
vn -0.2330614 0.8697966 0.4348982
vn -0.6367354 0.6367352 0.4348981
vn -0.8697968 0.2330611 0.434898
vn -0.8697968 -0.2330615 0.4348981
vn -0.6367353 -0.6367354 0.4348982
vn -0.2330614 -0.8697966 0.4348983
vn 0.2330612 -0.8697966 0.4348984
vn 0.6367353 -0.6367354 0.4348985
vn 0.8697967 -0.2330611 0.4348986
vn 2.622684E-07 1.192093E-07 -1
vn -0.8697964 0.2330611 -0.4348987
vn -0.636735 0.6367352 -0.4348988
vn -0.2330611 0.8697965 -0.4348987
vn 0.2330614 0.8697965 -0.4348986
vn 0.6367354 0.6367351 -0.4348983
vn 0.8697967 0.233061 -0.434898
vn 0.8697966 -0.2330616 -0.4348979
vn 0.6367353 -0.6367356 -0.4348978
vn 0.2330614 -0.8697967 -0.4348979
vn -0.2330611 -0.8697967 -0.434898
vn -0.636735 -0.6367355 -0.4348983
vn -0.8697964 -0.2330612 -0.4348986
vn -3.496912E-07 3.576279E-07 1
vn -0.8697965 0.2330611 -0.4348986
vn -0.6367351 0.6367352 -0.4348986
vn -0.2330611 0.8697965 -0.4348987
vn 0.2330613 0.8697965 -0.4348986
vn 0.6367353 0.6367351 -0.4348985
vn 0.8697966 0.233061 -0.4348982
vn 0.8697965 -0.2330616 -0.434898
vn 0.6367351 -0.6367356 -0.4348979
vn 0.2330613 -0.8697967 -0.4348979
vn -0.2330612 -0.8697967 -0.434898
vn -0.6367351 -0.6367355 -0.4348982
vn -0.8697965 -0.2330612 -0.4348984
vn -1.748456E-07 3.576279E-07 1
vn -0.8697965 0.2330611 -0.4348985
vn -0.6367351 0.6367352 -0.4348986
vn -0.2330612 0.8697965 -0.4348987
vn 0.2330613 0.8697965 -0.4348986
vn 0.6367353 0.6367351 -0.4348985
vn 0.8697966 0.233061 -0.4348983
vn 0.8697965 -0.2330616 -0.4348981
vn 0.6367351 -0.6367356 -0.434898
vn 0.2330613 -0.8697967 -0.434898
vn -0.2330612 -0.8697967 -0.434898
vn -0.6367351 -0.6367355 -0.4348981
vn -0.8697965 -0.2330612 -0.4348983
vn -8.742279E-08 3.576279E-07 1
vn -0.8697965 0.2330611 -0.4348985
vn -0.6367351 0.6367352 -0.4348986
vn -0.2330612 0.8697965 -0.4348987
vn 0.2330613 0.8697965 -0.4348986
vn 0.6367353 0.6367351 -0.4348985
vn 0.8697966 0.233061 -0.4348983
vn 0.8697965 -0.2330616 -0.4348981
vn 0.6367351 -0.6367356 -0.434898
vn 0.2330613 -0.8697967 -0.434898
vn -0.2330612 -0.8697967 -0.434898
vn -0.6367351 -0.6367355 -0.4348981
vn -0.8697965 -0.2330612 -0.4348983
vn -8.742279E-08 3.576279E-07 1
vn -0.8697965 0.2330611 -0.4348985
vn -0.6367351 0.6367352 -0.4348986
vn -0.2330612 0.8697965 -0.4348987
vn 0.2330613 0.8697965 -0.4348986
vn 0.6367353 0.6367351 -0.4348985
vn 0.8697966 0.233061 -0.4348983
vn 0.8697965 -0.2330616 -0.4348981
vn 0.6367351 -0.6367356 -0.434898
vn 0.2330613 -0.8697967 -0.434898
vn -0.2330612 -0.8697967 -0.434898
vn -0.6367351 -0.6367355 -0.4348981
vn -0.8697965 -0.2330612 -0.4348983
vn -8.742279E-08 3.576279E-07 1
vn -0.8697965 0.2330611 -0.4348985
vn -0.6367351 0.6367352 -0.4348986
vn -0.2330612 0.8697965 -0.4348987
vn 0.2330613 0.8697965 -0.4348986
vn 0.6367353 0.6367351 -0.4348985
vn 0.8697966 0.233061 -0.4348983
vn 0.8697965 -0.2330616 -0.4348981
vn 0.6367351 -0.6367356 -0.434898
vn 0.2330613 -0.8697967 -0.434898
vn -0.2330612 -0.8697967 -0.434898
vn -0.6367351 -0.6367355 -0.4348981
vn -0.8697965 -0.2330612 -0.4348983
vn -8.742279E-08 3.576279E-07 1
vn -0.8697964 0.2330611 -0.4348987
vn -0.636735 0.6367352 -0.4348988
vn -0.2330611 0.8697965 -0.4348987
vn 0.2330614 0.8697965 -0.4348986
vn 0.6367354 0.6367351 -0.4348983
vn 0.8697967 0.233061 -0.434898
vn 0.8697966 -0.2330616 -0.4348979
vn 0.6367353 -0.6367356 -0.4348978
vn 0.2330614 -0.8697967 -0.4348979
vn -0.2330611 -0.8697967 -0.434898
vn -0.636735 -0.6367355 -0.4348983
vn -0.8697964 -0.2330612 -0.4348986
vn -3.496912E-07 3.576279E-07 1
vn -0.8697964 0.2330611 -0.4348987
vn -0.636735 0.6367352 -0.4348988
vn -0.2330611 0.8697965 -0.4348987
vn 0.2330614 0.8697965 -0.4348986
vn 0.6367354 0.6367351 -0.4348983
vn 0.8697967 0.233061 -0.434898
vn 0.8697966 -0.2330616 -0.4348979
vn 0.6367353 -0.6367356 -0.4348978
vn 0.2330614 -0.8697967 -0.4348979
vn -0.2330611 -0.8697967 -0.434898
vn -0.636735 -0.6367355 -0.4348983
vn -0.8697964 -0.2330612 -0.4348986
vn -3.496912E-07 3.576279E-07 1
vn -0.8697965 0.2330611 -0.4348986
vn -0.6367351 0.6367352 -0.4348986
vn -0.2330611 0.8697965 -0.4348987
vn 0.2330613 0.8697965 -0.4348986
vn 0.6367353 0.6367351 -0.4348985
vn 0.8697966 0.233061 -0.4348982
vn 0.8697965 -0.2330616 -0.434898
vn 0.6367351 -0.6367356 -0.4348979
vn 0.2330613 -0.8697967 -0.4348979
vn -0.2330612 -0.8697967 -0.434898
vn -0.6367351 -0.6367355 -0.4348982
vn -0.8697965 -0.2330612 -0.4348984
vn -1.748456E-07 3.576279E-07 1
vn -0.8697965 0.2330611 -0.4348986
vn -0.6367351 0.6367352 -0.4348986
vn -0.2330611 0.8697965 -0.4348987
vn 0.2330613 0.8697965 -0.4348986
vn 0.6367353 0.6367351 -0.4348985
vn 0.8697966 0.233061 -0.4348982
vn 0.8697965 -0.2330616 -0.434898
vn 0.6367351 -0.6367356 -0.4348979
vn 0.2330613 -0.8697967 -0.4348979
vn -0.2330612 -0.8697967 -0.434898
vn -0.6367351 -0.6367355 -0.4348982
vn -0.8697965 -0.2330612 -0.4348984
vn -1.748456E-07 3.576279E-07 1
vn -0.8697965 0.2330611 -0.4348986
vn -0.6367351 0.6367352 -0.4348986
vn -0.2330611 0.8697965 -0.4348987
vn 0.2330613 0.8697965 -0.4348986
vn 0.6367353 0.6367351 -0.4348985
vn 0.8697966 0.233061 -0.4348982
vn 0.8697965 -0.2330616 -0.434898
vn 0.6367351 -0.6367356 -0.4348979
vn 0.2330613 -0.8697967 -0.4348979
vn -0.2330612 -0.8697967 -0.434898
vn -0.6367351 -0.6367355 -0.4348982
vn -0.8697965 -0.2330612 -0.4348984
vn -1.748456E-07 3.576279E-07 1
vn -0.8697965 0.2330611 -0.4348985
vn -0.6367351 0.6367352 -0.4348986
vn -0.2330612 0.8697965 -0.4348987
vn 0.2330613 0.8697965 -0.4348986
vn 0.6367353 0.6367351 -0.4348985
vn 0.8697966 0.233061 -0.4348983
vn 0.8697965 -0.2330616 -0.4348981
vn 0.6367351 -0.6367356 -0.434898
vn 0.2330613 -0.8697967 -0.434898
vn -0.2330612 -0.8697967 -0.434898
vn -0.6367351 -0.6367355 -0.4348981
vn -0.8697965 -0.2330612 -0.4348983
vn -8.742279E-08 3.576279E-07 1
vn -0.8697965 0.2330611 -0.4348985
vn -0.6367351 0.6367352 -0.4348986
vn -0.2330612 0.8697965 -0.4348987
vn 0.2330613 0.8697965 -0.4348986
vn 0.6367353 0.6367351 -0.4348985
vn 0.8697966 0.233061 -0.4348983
vn 0.8697965 -0.2330616 -0.4348981
vn 0.6367351 -0.6367356 -0.434898
vn 0.2330613 -0.8697967 -0.434898
vn -0.2330612 -0.8697967 -0.434898
vn -0.6367351 -0.6367355 -0.4348981
vn -0.8697965 -0.2330612 -0.4348983
vn -8.742279E-08 3.576279E-07 1
vn -0.8697965 0.2330611 -0.4348985
vn -0.6367351 0.6367352 -0.4348986
vn -0.2330612 0.8697965 -0.4348987
vn 0.2330613 0.8697965 -0.4348986
vn 0.6367353 0.6367351 -0.4348985
vn 0.8697966 0.233061 -0.4348983
vn 0.8697965 -0.2330616 -0.4348981
vn 0.6367351 -0.6367356 -0.434898
vn 0.2330613 -0.8697967 -0.434898
vn -0.2330612 -0.8697967 -0.434898
vn -0.6367351 -0.6367355 -0.4348981
vn -0.8697965 -0.2330612 -0.4348983
vn -8.742279E-08 3.576279E-07 1
vn -0.8697965 0.2330611 -0.4348986
vn -0.6367351 0.6367352 -0.4348986
vn -0.2330611 0.8697965 -0.4348987
vn 0.2330613 0.8697965 -0.4348986
vn 0.6367353 0.6367351 -0.4348985
vn 0.8697966 0.233061 -0.4348982
vn 0.8697965 -0.2330616 -0.434898
vn 0.6367351 -0.6367356 -0.4348979
vn 0.2330613 -0.8697967 -0.4348979
vn -0.2330612 -0.8697967 -0.434898
vn -0.6367351 -0.6367355 -0.4348982
vn -0.8697965 -0.2330612 -0.4348984
vn -1.748456E-07 3.576279E-07 1
vn -0.8697965 0.2330611 -0.4348986
vn -0.6367351 0.6367352 -0.4348986
vn -0.2330611 0.8697965 -0.4348987
vn 0.2330613 0.8697965 -0.4348986
vn 0.6367353 0.6367351 -0.4348985
vn 0.8697966 0.233061 -0.4348982
vn 0.8697965 -0.2330616 -0.434898
vn 0.6367351 -0.6367356 -0.4348979
vn 0.2330613 -0.8697967 -0.4348979
vn -0.2330612 -0.8697967 -0.434898
vn -0.6367351 -0.6367355 -0.4348982
vn -0.8697965 -0.2330612 -0.4348984
vn -1.748456E-07 3.576279E-07 1
vn 1 0 0
vn 1 0 0
vn 1 0 0
vn 1 0 0
vn 1 0 0
vn 1 0 0
vn 1 0 0
vn 1 0 0
vn 1 0 0
vn 1 0 0
vn 1 0 0
vn 1 0 0
vn 0.9396926 0 -0.3420202
vn 0.9396926 0.1710101 -0.2961981
vn 0.9396926 0.2961982 -0.1710101
vn 0.9396926 0.3420202 1.495018E-08
vn 0.9396926 0.2961981 0.1710101
vn 0.9396926 0.1710101 0.2961981
vn 0.9396926 -2.990035E-08 0.3420202
vn 0.9396926 -0.1710101 0.2961981
vn 0.9396926 -0.2961982 0.17101
vn 0.9396926 -0.3420202 -4.078549E-09
vn 0.9396926 -0.2961982 -0.17101
vn 0.9396926 -0.17101 -0.2961982
vn 0.7660444 0 -0.6427876
vn 0.7660444 0.3213938 -0.5566704
vn 0.7660444 0.5566704 -0.3213938
vn 0.7660444 0.6427876 2.809714E-08
vn 0.7660444 0.5566704 0.3213938
vn 0.7660444 0.3213938 0.5566704
vn 0.7660444 -5.619428E-08 0.6427876
vn 0.7660444 -0.3213939 0.5566703
vn 0.7660444 -0.5566704 0.3213938
vn 0.7660444 -0.6427876 -7.665165E-09
vn 0.7660444 -0.5566704 -0.3213938
vn 0.7660444 -0.3213936 -0.5566705
vn 0.4999999 0 -0.8660254
vn 0.5 0.4330127 -0.75
vn 0.5 0.7500001 -0.4330127
vn 0.4999999 0.8660254 3.785517E-08
vn 0.5 0.75 0.4330128
vn 0.5 0.4330128 0.75
vn 0.4999999 -7.571034E-08 0.8660254
vn 0.5 -0.4330129 0.7499999
vn 0.5 -0.7500001 0.4330126
vn 0.4999999 -0.8660254 -1.032725E-08
vn 0.5 -0.7500001 -0.4330126
vn 0.4999999 -0.4330125 -0.7500001
vn 0.1736481 0 -0.9848078
vn 0.1736481 0.4924039 -0.8528686
vn 0.1736481 0.8528686 -0.4924038
vn 0.1736481 0.9848078 4.304732E-08
vn 0.1736481 0.8528686 0.492404
vn 0.1736481 0.492404 0.8528686
vn 0.1736481 -8.609463E-08 0.9848078
vn 0.1736481 -0.4924041 0.8528684
vn 0.1736481 -0.8528686 0.4924038
vn 0.1736481 -0.9848078 -1.174372E-08
vn 0.1736481 -0.8528686 -0.4924038
vn 0.1736481 -0.4924036 -0.8528687
vn -0.1736482 0 -0.9848078
vn -0.1736482 0.4924039 -0.8528686
vn -0.1736482 0.8528686 -0.4924038
vn -0.1736482 0.9848078 4.304732E-08
vn -0.1736482 0.8528685 0.4924039
vn -0.1736482 0.4924039 0.8528685
vn -0.1736482 -8.609463E-08 0.9848078
vn -0.1736482 -0.4924041 0.8528684
vn -0.1736482 -0.8528686 0.4924038
vn -0.1736482 -0.9848078 -1.174372E-08
vn -0.1736482 -0.8528686 -0.4924038
vn -0.1736482 -0.4924036 -0.8528687
vn -0.5000001 0 -0.8660254
vn -0.5000001 0.4330127 -0.75
vn -0.5000001 0.75 -0.4330127
vn -0.5000001 0.8660254 3.785517E-08
vn -0.5000001 0.7499999 0.4330127
vn -0.5000001 0.4330127 0.7499999
vn -0.5000001 -7.571035E-08 0.8660254
vn -0.5000001 -0.4330128 0.7499999
vn -0.5000001 -0.75 0.4330126
vn -0.5000001 -0.8660254 -1.032725E-08
vn -0.5000001 -0.75 -0.4330126
vn -0.5000001 -0.4330125 -0.7500001
vn -0.7660444 0 -0.6427876
vn -0.7660444 0.3213938 -0.5566704
vn -0.7660444 0.5566704 -0.3213938
vn -0.7660444 0.6427876 2.809714E-08
vn -0.7660444 0.5566704 0.3213938
vn -0.7660444 0.3213938 0.5566704
vn -0.7660444 -5.619428E-08 0.6427876
vn -0.7660444 -0.3213939 0.5566703
vn -0.7660444 -0.5566704 0.3213938
vn -0.7660444 -0.6427876 -7.665165E-09
vn -0.7660444 -0.5566704 -0.3213938
vn -0.7660444 -0.3213936 -0.5566705
vn -0.9396927 0 -0.34202
vn -0.9396926 0.17101 -0.296198
vn -0.9396926 0.296198 -0.17101
vn -0.9396927 0.34202 1.495017E-08
vn -0.9396926 0.296198 0.17101
vn -0.9396926 0.17101 0.296198
vn -0.9396927 -2.990034E-08 0.34202
vn -0.9396926 -0.17101 0.296198
vn -0.9396926 -0.296198 0.17101
vn -0.9396927 -0.34202 -4.078548E-09
vn -0.9396926 -0.296198 -0.17101
vn -0.9396927 -0.1710099 -0.2961981
vn 0 -1.192093E-07 -1
vn 0 -1.192093E-07 -1
vn 0 -1.192093E-07 -1
vn 0 -1.192093E-07 -1
vn 0 -1.192093E-07 -1
vn 0 -1.192093E-07 -1
vn 0 -1.192093E-07 -1
vn 0 -1.192093E-07 -1
vn 0 -1.192093E-07 -1
vn 0 -1.192093E-07 -1
vn 0 -1.192093E-07 -1
vn 0 -1.192093E-07 -1
vn -0.3420202 -1.120201E-07 -0.9396927
vn -0.2961981 0.17101 -0.9396927
vn -0.1710101 0.2961981 -0.9396927
vn 1.495018E-08 0.3420201 -0.9396928
vn 0.1710101 0.296198 -0.9396927
vn 0.2961981 0.17101 -0.9396927
vn 0.3420202 -1.419205E-07 -0.9396927
vn 0.2961981 -0.1710103 -0.9396927
vn 0.17101 -0.2961983 -0.9396927
vn -4.078549E-09 -0.3420203 -0.9396927
vn -0.17101 -0.2961983 -0.9396927
vn -0.2961982 -0.1710101 -0.9396927
vn -0.6427876 -9.131961E-08 -0.7660446
vn -0.5566704 0.3213938 -0.7660446
vn -0.3213938 0.5566704 -0.7660446
vn 2.809714E-08 0.6427876 -0.7660446
vn 0.3213938 0.5566704 -0.7660446
vn 0.5566704 0.3213938 -0.7660445
vn 0.6427876 -1.475139E-07 -0.7660446
vn 0.5566703 -0.3213941 -0.7660445
vn 0.3213938 -0.5566706 -0.7660444
vn -7.665165E-09 -0.6427878 -0.7660444
vn -0.3213938 -0.5566706 -0.7660444
vn -0.5566705 -0.3213938 -0.7660444
vn -0.8660254 -5.960464E-08 -0.5
vn -0.75 0.4330127 -0.5000001
vn -0.4330127 0.7500001 -0.5000001
vn 3.785517E-08 0.8660254 -0.5000001
vn 0.4330128 0.7500001 -0.5000001
vn 0.75 0.4330128 -0.5000001
vn 0.8660254 -1.35315E-07 -0.5
vn 0.7499999 -0.433013 -0.5
vn 0.4330126 -0.7500002 -0.4999999
vn -1.032725E-08 -0.8660256 -0.4999999
vn -0.4330126 -0.7500002 -0.4999999
vn -0.7500001 -0.4330126 -0.4999999
vn -0.9848078 -2.070047E-08 -0.1736481
vn -0.8528686 0.4924039 -0.1736482
vn -0.4924038 0.8528686 -0.1736482
vn 4.304732E-08 0.9848079 -0.1736482
vn 0.492404 0.8528686 -0.1736482
vn 0.8528686 0.492404 -0.1736482
vn 0.9848078 -1.067951E-07 -0.1736481
vn 0.8528684 -0.4924042 -0.1736481
vn 0.4924038 -0.8528687 -0.173648
vn -1.174372E-08 -0.9848079 -0.173648
vn -0.4924038 -0.8528687 -0.173648
vn -0.8528687 -0.4924037 -0.1736481
vn -0.9848078 2.070048E-08 0.1736482
vn -0.8528686 0.492404 0.1736481
vn -0.4924038 0.8528687 0.1736481
vn 4.304732E-08 0.9848079 0.1736481
vn 0.4924039 0.8528686 0.1736481
vn 0.8528685 0.492404 0.1736481
vn 0.9848078 -6.539416E-08 0.1736482
vn 0.8528684 -0.4924041 0.1736483
vn 0.4924038 -0.8528687 0.1736483
vn -1.174372E-08 -0.9848079 0.1736483
vn -0.4924038 -0.8528687 0.1736483
vn -0.8528687 -0.4924037 0.1736483
vn -0.8660254 5.960465E-08 0.5000001
vn -0.75 0.4330128 0.5000001
vn -0.4330127 0.7500002 0.5000001
vn 3.785517E-08 0.8660256 0.5
vn 0.4330127 0.7500001 0.5000001
vn 0.7499999 0.4330128 0.5000001
vn 0.8660254 -1.61057E-08 0.5000001
vn 0.7499999 -0.4330128 0.5000002
vn 0.4330126 -0.75 0.5000002
vn -1.032725E-08 -0.8660254 0.5000002
vn -0.4330126 -0.75 0.5000002
vn -0.7500001 -0.4330125 0.5000002
vn -0.6427876 9.131961E-08 0.7660446
vn -0.5566704 0.3213939 0.7660445
vn -0.3213938 0.5566706 0.7660444
vn 2.809714E-08 0.6427878 0.7660444
vn 0.3213938 0.5566706 0.7660444
vn 0.5566704 0.3213939 0.7660444
vn 0.6427876 3.512532E-08 0.7660446
vn 0.5566703 -0.3213939 0.7660446
vn 0.3213938 -0.5566704 0.7660446
vn -7.665165E-09 -0.6427876 0.7660446
vn -0.3213938 -0.5566704 0.7660446
vn -0.5566705 -0.3213936 0.7660445
vn -0.34202 1.120201E-07 0.9396928
vn -0.296198 0.1710101 0.9396927
vn -0.17101 0.2961982 0.9396927
vn 1.495017E-08 0.3420202 0.9396927
vn 0.17101 0.2961982 0.9396927
vn 0.296198 0.1710101 0.9396927
vn 0.34202 8.211975E-08 0.9396928
vn 0.296198 -0.17101 0.9396927
vn 0.17101 -0.296198 0.9396927
vn -4.078548E-09 -0.3420199 0.9396929
vn -0.17101 -0.296198 0.9396927
vn -0.2961981 -0.1710098 0.9396928
vn -1 1.192093E-07 0
vn -1 1.192093E-07 0
vn -1 1.192093E-07 0
vn -1 1.192093E-07 0
vn -1 1.192093E-07 0
vn -1 1.192093E-07 0
vn -1 1.192093E-07 0
vn -1 1.192093E-07 0
vn -1 1.192093E-07 0
vn -1 1.192093E-07 0
vn -1 1.192093E-07 0
vn -1 1.192093E-07 0
vn -0.9396926 1.120201E-07 0.3420202
vn -0.9396926 0.1710102 0.2961981
vn -0.9396926 0.2961983 0.17101
vn -0.9396926 0.3420203 -3.533617E-08
vn -0.9396926 0.2961982 -0.1710101
vn -0.9396926 0.1710102 -0.2961982
vn -0.9396926 8.211974E-08 -0.3420202
vn -0.9396927 -0.17101 -0.2961981
vn -0.9396927 -0.296198 -0.17101
vn -0.9396927 -0.34202 2.446454E-08
vn -0.9396927 -0.296198 0.1710101
vn -0.9396926 -0.1710099 0.2961982
vn -0.7660444 9.131961E-08 0.6427877
vn -0.7660443 0.3213939 0.5566704
vn -0.7660443 0.5566705 0.3213938
vn -0.7660443 0.6427878 -6.641027E-08
vn -0.7660443 0.5566705 -0.3213939
vn -0.7660444 0.3213939 -0.5566705
vn -0.7660445 3.512533E-08 -0.6427877
vn -0.7660446 -0.3213938 -0.5566703
vn -0.7660446 -0.5566703 -0.3213938
vn -0.7660446 -0.6427875 4.597829E-08
vn -0.7660445 -0.5566703 0.3213938
vn -0.7660444 -0.3213935 0.5566706
vn -0.4999999 5.960464E-08 0.8660254
vn -0.4999999 0.4330128 0.75
vn -0.4999998 0.7500001 0.4330127
vn -0.4999998 0.8660254 -8.947431E-08
vn -0.4999999 0.7500001 -0.4330128
vn -0.4999999 0.4330128 -0.7500001
vn -0.5 -1.61057E-08 -0.8660254
vn -0.5000001 -0.4330128 -0.7499999
vn -0.5000001 -0.75 -0.4330126
vn -0.5000001 -0.8660253 6.194639E-08
vn -0.5000001 -0.75 0.4330127
vn -0.5 -0.4330124 0.7500002
vn -0.173648 2.070047E-08 0.9848078
vn -0.173648 0.4924039 0.8528686
vn -0.1736479 0.8528686 0.4924038
vn -0.1736479 0.9848078 -1.017464E-07
vn -0.173648 0.8528686 -0.492404
vn -0.1736481 0.492404 -0.8528686
vn -0.1736482 -6.539416E-08 -0.9848078
vn -0.1736482 -0.492404 -0.8528684
vn -0.1736483 -0.8528686 -0.4924038
vn -0.1736483 -0.9848078 7.044284E-08
vn -0.1736482 -0.8528686 0.4924039
vn -0.1736481 -0.4924036 0.8528687
vn 0.1736483 -2.070048E-08 0.9848078
vn 0.1736483 0.4924039 0.8528686
vn 0.1736484 0.8528686 0.4924038
vn 0.1736484 0.9848078 -1.017464E-07
vn 0.1736483 0.8528685 -0.492404
vn 0.1736482 0.4924039 -0.8528686
vn 0.1736481 -1.067951E-07 -0.9848078
vn 0.1736481 -0.4924041 -0.8528684
vn 0.173648 -0.8528686 -0.4924038
vn 0.173648 -0.9848078 7.044284E-08
vn 0.1736481 -0.8528686 0.4924039
vn 0.1736482 -0.4924037 0.8528687
vn 0.5000001 -5.960465E-08 0.8660254
vn 0.5000002 0.4330126 0.75
vn 0.5000002 0.7499999 0.4330126
vn 0.5000002 0.8660253 -8.947431E-08
vn 0.5000002 0.7499999 -0.4330128
vn 0.5000001 0.4330127 -0.75
vn 0.5 -1.35315E-07 -0.8660254
vn 0.4999999 -0.4330129 -0.7499999
vn 0.4999999 -0.7500001 -0.4330126
vn 0.4999999 -0.8660254 6.194639E-08
vn 0.4999999 -0.7500001 0.4330127
vn 0.5 -0.4330125 0.7500002
vn 0.7660445 -9.131961E-08 0.6427877
vn 0.7660446 0.3213937 0.5566704
vn 0.7660446 0.5566703 0.3213938
vn 0.7660446 0.6427875 -6.641027E-08
vn 0.7660444 0.5566703 -0.3213939
vn 0.7660444 0.3213937 -0.5566705
vn 0.7660444 -1.475139E-07 -0.6427877
vn 0.7660443 -0.321394 -0.5566703
vn 0.7660443 -0.5566705 -0.3213938
vn 0.7660443 -0.6427878 4.597829E-08
vn 0.7660444 -0.5566705 0.3213938
vn 0.7660444 -0.3213937 0.5566706
vn 0.9396927 -1.120201E-07 0.34202
vn 0.9396927 0.1710099 0.296198
vn 0.9396927 0.2961979 0.17101
vn 0.9396927 0.3420199 -3.533615E-08
vn 0.9396927 0.2961979 -0.17101
vn 0.9396926 0.1710099 -0.296198
vn 0.9396927 -1.419204E-07 -0.34202
vn 0.9396926 -0.1710102 -0.296198
vn 0.9396926 -0.2961982 -0.1710099
vn 0.9396926 -0.3420201 2.446453E-08
vn 0.9396926 -0.2961982 0.17101
vn 0.9396927 -0.17101 0.2961981
vn 3.552714E-14 5.960464E-08 1
vn 3.552714E-14 5.960464E-08 1
vn 3.552714E-14 5.960464E-08 1
vn 3.552714E-14 5.960464E-08 1
vn 3.552714E-14 5.960464E-08 1
vn 3.552714E-14 5.960464E-08 1
vn 3.552714E-14 5.960464E-08 1
vn 3.552714E-14 5.960464E-08 1
vn 3.552714E-14 5.960464E-08 1
vn 3.552714E-14 5.960464E-08 1
vn 3.552714E-14 5.960464E-08 1
vn 3.552714E-14 5.960464E-08 1
vn 0.3420202 -3.790678E-09 0.9396927
vn 0.2961982 0.1710101 0.9396927
vn 0.1710102 0.2961982 0.9396926
vn 4.485057E-08 0.3420202 0.9396926
vn -0.1710101 0.2961982 0.9396926
vn -0.2961982 0.1710102 0.9396927
vn -0.3420202 8.591039E-08 0.9396927
vn -0.2961982 -0.17101 0.9396928
vn -0.1710102 -0.2961981 0.9396929
vn -5.572213E-08 -0.3420201 0.9396929
vn 0.17101 -0.2961982 0.9396929
vn 0.2961982 -0.17101 0.9396928
vn 0.6427878 -6.672878E-08 0.7660446
vn 0.5566707 0.3213938 0.7660444
vn 0.321394 0.5566705 0.7660443
vn 8.429146E-08 0.6427878 0.7660443
vn -0.3213938 0.5566706 0.7660443
vn -0.5566705 0.321394 0.7660444
vn -0.6427878 1.018541E-07 0.7660446
vn -0.5566705 -0.3213938 0.7660446
vn -0.3213939 -0.5566704 0.7660447
vn -1.047234E-07 -0.6427877 0.7660447
vn 0.3213938 -0.5566705 0.7660447
vn 0.5566707 -0.3213937 0.7660446
vn 0.8660256 -1.216184E-07 0.5
vn 0.7500003 0.4330127 0.4999999
vn 0.433013 0.7500001 0.4999998
vn 1.135656E-07 0.8660255 0.4999997
vn -0.4330128 0.7500002 0.4999998
vn -0.7500001 0.433013 0.4999999
vn -0.8660256 1.055127E-07 0.5
vn -0.7500002 -0.4330128 0.5000002
vn -0.4330129 -0.7500001 0.5000003
vn -1.410935E-07 -0.8660254 0.5000003
vn 0.4330126 -0.7500002 0.5000003
vn 0.7500002 -0.4330126 0.5000002
vn 0.9848081 -1.618391E-07 0.1736481
vn 0.8528689 0.4924038 0.173648
vn 0.4924041 0.8528686 0.1736478
vn 1.29142E-07 0.9848079 0.1736478
vn -0.492404 0.8528687 0.1736478
vn -0.8528687 0.4924042 0.173648
vn -0.9848081 9.644489E-08 0.1736481
vn -0.8528688 -0.492404 0.1736483
vn -0.4924041 -0.8528686 0.1736484
vn -1.604456E-07 -0.9848079 0.1736485
vn 0.4924038 -0.8528688 0.1736484
vn 0.8528689 -0.4924038 0.1736483
vn 0.9848081 -1.825395E-07 -0.1736482
vn 0.8528689 0.4924038 -0.1736484
vn 0.4924041 0.8528686 -0.1736485
vn 1.29142E-07 0.9848079 -0.1736486
vn -0.4924039 0.8528687 -0.1736485
vn -0.8528687 0.4924041 -0.1736484
vn -0.9848081 7.574442E-08 -0.1736482
vn -0.8528687 -0.492404 -0.173648
vn -0.4924041 -0.8528686 -0.1736479
vn -1.604456E-07 -0.9848079 -0.1736479
vn 0.4924038 -0.8528688 -0.1736479
vn 0.8528689 -0.4924038 -0.173648
vn 0.8660256 -1.81223E-07 -0.5000001
vn 0.7500003 0.4330126 -0.5000003
vn 0.4330129 0.75 -0.5000004
vn 1.135655E-07 0.8660254 -0.5000004
vn -0.4330127 0.7500001 -0.5000004
vn -0.7500001 0.4330129 -0.5000003
vn -0.8660256 4.590804E-08 -0.5000001
vn -0.7500002 -0.4330128 -0.5
vn -0.4330129 -0.7500001 -0.4999999
vn -1.410935E-07 -0.8660255 -0.4999998
vn 0.4330126 -0.7500002 -0.4999999
vn 0.7500002 -0.4330127 -0.5
vn 0.6427878 -1.580484E-07 -0.7660446
vn 0.5566707 0.3213937 -0.7660446
vn 0.321394 0.5566704 -0.7660447
vn 8.429141E-08 0.6427877 -0.7660447
vn -0.3213938 0.5566705 -0.7660447
vn -0.5566705 0.3213939 -0.7660446
vn -0.6427878 1.053449E-08 -0.7660446
vn -0.5566705 -0.3213939 -0.7660444
vn -0.3213939 -0.5566705 -0.7660443
vn -1.047234E-07 -0.6427878 -0.7660443
vn 0.3213938 -0.5566706 -0.7660443
vn 0.5566707 -0.3213938 -0.7660444
vn 0.3420201 -1.158107E-07 -0.9396928
vn 0.2961981 0.1710099 -0.9396928
vn 0.1710101 0.296198 -0.9396929
vn 4.485048E-08 0.34202 -0.9396929
vn -0.17101 0.296198 -0.9396929
vn -0.2961981 0.17101 -0.9396928
vn -0.3420201 -2.610969E-08 -0.9396928
vn -0.2961981 -0.1710101 -0.9396927
vn -0.1710101 -0.2961981 -0.9396926
vn -5.572218E-08 -0.3420201 -0.9396927
vn 0.17101 -0.2961982 -0.9396926
vn 0.2961981 -0.1710101 -0.9396927
usemtl mat23
f 4//1 3//1 2//1 1//1
f 8//2 7//2 6//2 5//2
f 2//3 9//3 5//3 1//3
f 6//4 12//4 11//4 10//4
f 14//5 13//5 10//5 1//5
f 16//6 15//6 9//6 2//6
f 13//7 17//7 6//7 10//7
f 17//8 18//8 5//8 6//8
f 18//9 14//9 1//9 5//9
f 18//10 17//10 13//10 14//10
f 3//11 19//11 11//11 2//11
f 19//12 20//12 10//12 11//12
f 20//13 4//13 1//13 10//13
f 20//14 19//14 3//14 4//14
f 15//15 21//15 12//15 9//15
f 21//16 22//16 11//16 12//16
f 22//17 16//17 2//17 11//17
f 22//18 21//18 15//18 16//18
f 7//19 23//19 12//19 6//19
f 23//20 24//20 9//20 12//20
f 24//21 8//21 5//21 9//21
f 24//22 23//22 7//22 8//22
f 76//51 75//51 74//51 73//51
f 80//52 79//52 78//52 77//52
f 82//53 81//53 77//53 73//53
f 78//54 85//54 84//54 83//54
f 87//55 86//55 83//55 73//55
f 90//56 89//56 88//56 74//56
f 86//57 91//57 78//57 83//57
f 91//58 92//58 77//58 78//58
f 92//59 87//59 73//59 77//59
f 92//60 91//60 86//60 87//60
f 75//61 93//61 84//61 74//61
f 93//62 94//62 83//62 84//62
f 94//63 76//63 73//63 83//63
f 94//64 93//64 75//64 76//64
f 89//65 95//65 85//65 88//65
f 95//66 96//66 84//66 85//66
f 96//67 90//67 74//67 84//67
f 96//68 95//68 89//68 90//68
f 79//69 97//69 85//69 78//69
f 97//70 98//70 88//70 85//70
f 98//71 80//71 77//71 88//71
f 98//72 97//72 79//72 80//72
f 81//73 99//73 88//73 77//73
f 99//74 100//74 74//74 88//74
f 100//75 82//75 73//75 74//75
f 102//76 101//76 81//76 82//76
f 101//77 103//77 99//77 81//77
f 103//78 104//78 100//78 99//78
f 104//79 102//79 82//79 100//79
f 104//80 103//80 101//80 102//80
usemtl mat19
f 28//23 27//23 26//23 25//23
f 30//25 32//25 31//25 29//25
f 34//27 36//27 35//27 33//27
f 38//29 40//29 39//29 37//29
f 42//31 44//31 43//31 41//31
f 46//33 48//33 47//33 45//33
f 52//37 51//37 50//37 49//37
f 54//39 56//39 55//39 53//39
f 58//41 60//41 59//41 57//41
f 62//43 64//43 63//43 61//43
f 66//45 68//45 67//45 65//45
f 70//47 72//47 71//47 69//47
usemtl mat20
f 27//24 30//24 29//24 26//24
f 32//26 34//26 33//26 31//26
f 36//28 38//28 37//28 35//28
f 40//30 42//30 41//30 39//30
f 44//32 46//32 45//32 43//32
f 48//34 28//34 25//34 47//34
f 25//35 26//35 29//35 31//35 33//35 35//35 37//35 39//35 41//35 43//35 45//35 47//35
f 48//36 46//36 44//36 42//36 40//36 38//36 36//36 34//36 32//36 30//36 27//36 28//36
f 51//38 54//38 53//38 50//38
f 56//40 58//40 57//40 55//40
f 60//42 62//42 61//42 59//42
f 64//44 66//44 65//44 63//44
f 68//46 70//46 69//46 67//46
f 72//48 52//48 49//48 71//48
f 49//49 50//49 53//49 55//49 57//49 59//49 61//49 63//49 65//49 67//49 69//49 71//49
f 72//50 70//50 68//50 66//50 64//50 62//50 60//50 58//50 56//50 54//50 51//50 52//50
usemtl mat16
f 108//81 107//81 106//81 105//81
f 112//82 111//82 110//82 109//82
f 114//83 113//83 109//83 105//83
f 118//84 117//84 116//84 115//84
f 109//85 110//85 115//85 105//85
f 121//86 120//86 119//86 106//86
f 111//87 123//87 122//87 110//87
f 123//88 124//88 119//88 122//88
f 124//89 112//89 109//89 119//89
f 124//90 123//90 111//90 112//90
f 107//91 125//91 116//91 106//91
f 125//92 126//92 115//92 116//92
f 126//93 108//93 105//93 115//93
f 126//94 125//94 107//94 108//94
f 113//95 127//95 119//95 109//95
f 127//96 128//96 106//96 119//96
f 128//97 114//97 105//97 106//97
f 130//98 129//98 113//98 114//98
f 129//99 131//99 127//99 113//99
f 131//100 132//100 128//100 127//100
f 132//101 130//101 114//101 128//101
f 117//103 133//103 122//103 116//103
f 133//104 134//104 110//104 122//104
f 134//105 118//105 115//105 110//105
f 136//106 135//106 117//106 118//106
f 135//107 137//107 133//107 117//107
f 137//108 138//108 134//108 133//108
f 138//109 136//109 118//109 134//109
f 120//111 139//111 122//111 119//111
f 139//112 140//112 116//112 122//112
f 140//113 121//113 106//113 116//113
f 142//114 141//114 120//114 121//114
f 141//115 143//115 139//115 120//115
f 143//116 144//116 140//116 139//116
f 144//117 142//117 121//117 140//117
usemtl mat17
f 132//102 131//102 129//102 130//102
f 138//110 137//110 135//110 136//110
f 144//118 143//118 141//118 142//118
usemtl mat8
f 147//119 146//119 145//119
f 146//120 148//120 145//120
f 148//121 149//121 145//121
f 149//122 150//122 145//122
f 150//123 151//123 145//123
f 151//124 152//124 145//124
f 152//125 153//125 145//125
f 153//126 154//126 145//126
f 154//127 155//127 145//127
f 155//128 156//128 145//128
f 156//129 157//129 145//129
f 157//130 147//130 145//130
f 159//131 158//131 146//131 147//131
f 158//132 160//132 148//132 146//132
f 160//133 161//133 149//133 148//133
f 161//134 162//134 150//134 149//134
f 162//135 163//135 151//135 150//135
f 163//136 164//136 152//136 151//136
f 164//137 165//137 153//137 152//137
f 165//138 166//138 154//138 153//138
f 166//139 167//139 155//139 154//139
f 167//140 168//140 156//140 155//140
f 168//141 169//141 157//141 156//141
f 169//142 159//142 147//142 157//142
f 171//143 170//143 158//143 159//143
f 170//144 172//144 160//144 158//144
f 172//145 173//145 161//145 160//145
f 173//146 174//146 162//146 161//146
f 174//147 175//147 163//147 162//147
f 175//148 176//148 164//148 163//148
f 176//149 177//149 165//149 164//149
f 177//150 178//150 166//150 165//150
f 178//151 179//151 167//151 166//151
f 179//152 180//152 168//152 167//152
f 180//153 181//153 169//153 168//153
f 181//154 171//154 159//154 169//154
f 183//155 182//155 170//155 171//155
f 182//156 184//156 172//156 170//156
f 184//157 185//157 173//157 172//157
f 185//158 186//158 174//158 173//158
f 186//159 187//159 175//159 174//159
f 187//160 188//160 176//160 175//160
f 188//161 189//161 177//161 176//161
f 189//162 190//162 178//162 177//162
f 190//163 191//163 179//163 178//163
f 191//164 192//164 180//164 179//164
f 192//165 193//165 181//165 180//165
f 193//166 183//166 171//166 181//166
f 195//167 194//167 182//167 183//167
f 194//168 196//168 184//168 182//168
f 196//169 197//169 185//169 184//169
f 197//170 198//170 186//170 185//170
f 198//171 199//171 187//171 186//171
f 199//172 200//172 188//172 187//172
f 200//173 201//173 189//173 188//173
f 201//174 202//174 190//174 189//174
f 202//175 203//175 191//175 190//175
f 203//176 204//176 192//176 191//176
f 204//177 205//177 193//177 192//177
f 205//178 195//178 183//178 193//178
f 207//179 206//179 194//179 195//179
f 206//180 208//180 196//180 194//180
f 208//181 209//181 197//181 196//181
f 209//182 210//182 198//182 197//182
f 210//183 211//183 199//183 198//183
f 211//184 212//184 200//184 199//184
f 212//185 213//185 201//185 200//185
f 213//186 214//186 202//186 201//186
f 214//187 215//187 203//187 202//187
f 215//188 216//188 204//188 203//188
f 216//189 217//189 205//189 204//189
f 217//190 207//190 195//190 205//190
f 219//191 218//191 206//191 207//191
f 218//192 220//192 208//192 206//192
f 220//193 221//193 209//193 208//193
f 221//194 222//194 210//194 209//194
f 222//195 223//195 211//195 210//195
f 223//196 224//196 212//196 211//196
f 224//197 225//197 213//197 212//197
f 225//198 226//198 214//198 213//198
f 226//199 227//199 215//199 214//199
f 227//200 228//200 216//200 215//200
f 228//201 229//201 217//201 216//201
f 229//202 219//202 207//202 217//202
f 231//203 230//203 218//203 219//203
f 230//204 232//204 220//204 218//204
f 232//205 233//205 221//205 220//205
f 233//206 234//206 222//206 221//206
f 234//207 235//207 223//207 222//207
f 235//208 236//208 224//208 223//208
f 236//209 237//209 225//209 224//209
f 237//210 238//210 226//210 225//210
f 238//211 239//211 227//211 226//211
f 239//212 240//212 228//212 227//212
f 240//213 241//213 229//213 228//213
f 241//214 231//214 219//214 229//214
f 242//215 230//215 231//215
f 242//216 232//216 230//216
f 242//217 233//217 232//217
f 242//218 234//218 233//218
f 242//219 235//219 234//219
f 242//220 236//220 235//220
f 242//221 237//221 236//221
f 242//222 238//222 237//222
f 242//223 239//223 238//223
f 242//224 240//224 239//224
f 242//225 241//225 240//225
f 242//226 231//226 241//226
f 661//643 660//643 659//643
f 660//644 662//644 659//644
f 662//645 663//645 659//645
f 663//646 664//646 659//646
f 664//647 665//647 659//647
f 665//648 666//648 659//648
f 666//649 667//649 659//649
f 667//650 668//650 659//650
f 668//651 669//651 659//651
f 669//652 670//652 659//652
f 670//653 671//653 659//653
f 671//654 661//654 659//654
f 673//655 672//655 660//655 661//655
f 672//656 674//656 662//656 660//656
f 674//657 675//657 663//657 662//657
f 675//658 676//658 664//658 663//658
f 676//659 677//659 665//659 664//659
f 677//660 678//660 666//660 665//660
f 678//661 679//661 667//661 666//661
f 679//662 680//662 668//662 667//662
f 680//663 681//663 669//663 668//663
f 681//664 682//664 670//664 669//664
f 682//665 683//665 671//665 670//665
f 683//666 673//666 661//666 671//666
f 685//667 684//667 672//667 673//667
f 684//668 686//668 674//668 672//668
f 686//669 687//669 675//669 674//669
f 687//670 688//670 676//670 675//670
f 688//671 689//671 677//671 676//671
f 689//672 690//672 678//672 677//672
f 690//673 691//673 679//673 678//673
f 691//674 692//674 680//674 679//674
f 692//675 693//675 681//675 680//675
f 693//676 694//676 682//676 681//676
f 694//677 695//677 683//677 682//677
f 695//678 685//678 673//678 683//678
f 697//679 696//679 684//679 685//679
f 696//680 698//680 686//680 684//680
f 698//681 699//681 687//681 686//681
f 699//682 700//682 688//682 687//682
f 700//683 701//683 689//683 688//683
f 701//684 702//684 690//684 689//684
f 702//685 703//685 691//685 690//685
f 703//686 704//686 692//686 691//686
f 704//687 705//687 693//687 692//687
f 705//688 706//688 694//688 693//688
f 706//689 707//689 695//689 694//689
f 707//690 697//690 685//690 695//690
f 709//691 708//691 696//691 697//691
f 708//692 710//692 698//692 696//692
f 710//693 711//693 699//693 698//693
f 711//694 712//694 700//694 699//694
f 712//695 713//695 701//695 700//695
f 713//696 714//696 702//696 701//696
f 714//697 715//697 703//697 702//697
f 715//698 716//698 704//698 703//698
f 716//699 717//699 705//699 704//699
f 717//700 718//700 706//700 705//700
f 718//701 719//701 707//701 706//701
f 719//702 709//702 697//702 707//702
f 721//703 720//703 708//703 709//703
f 720//704 722//704 710//704 708//704
f 722//705 723//705 711//705 710//705
f 723//706 724//706 712//706 711//706
f 724//707 725//707 713//707 712//707
f 725//708 726//708 714//708 713//708
f 726//709 727//709 715//709 714//709
f 727//710 728//710 716//710 715//710
f 728//711 729//711 717//711 716//711
f 729//712 730//712 718//712 717//712
f 730//713 731//713 719//713 718//713
f 731//714 721//714 709//714 719//714
f 733//715 732//715 720//715 721//715
f 732//716 734//716 722//716 720//716
f 734//717 735//717 723//717 722//717
f 735//718 736//718 724//718 723//718
f 736//719 737//719 725//719 724//719
f 737//720 738//720 726//720 725//720
f 738//721 739//721 727//721 726//721
f 739//722 740//722 728//722 727//722
f 740//723 741//723 729//723 728//723
f 741//724 742//724 730//724 729//724
f 742//725 743//725 731//725 730//725
f 743//726 733//726 721//726 731//726
f 745//727 744//727 732//727 733//727
f 744//728 746//728 734//728 732//728
f 746//729 747//729 735//729 734//729
f 747//730 748//730 736//730 735//730
f 748//731 749//731 737//731 736//731
f 749//732 750//732 738//732 737//732
f 750//733 751//733 739//733 738//733
f 751//734 752//734 740//734 739//734
f 752//735 753//735 741//735 740//735
f 753//736 754//736 742//736 741//736
f 754//737 755//737 743//737 742//737
f 755//738 745//738 733//738 743//738
f 756//739 744//739 745//739
f 756//740 746//740 744//740
f 756//741 747//741 746//741
f 756//742 748//742 747//742
f 756//743 749//743 748//743
f 756//744 750//744 749//744
f 756//745 751//745 750//745
f 756//746 752//746 751//746
f 756//747 753//747 752//747
f 756//748 754//748 753//748
f 756//749 755//749 754//749
f 756//750 745//750 755//750
f 759//751 758//751 757//751
f 758//752 760//752 757//752
f 760//753 761//753 757//753
f 761//754 762//754 757//754
f 762//755 763//755 757//755
f 763//756 764//756 757//756
f 764//757 765//757 757//757
f 765//758 766//758 757//758
f 766//759 767//759 757//759
f 767//760 768//760 757//760
f 768//761 769//761 757//761
f 769//762 759//762 757//762
f 771//763 770//763 758//763 759//763
f 770//764 772//764 760//764 758//764
f 772//765 773//765 761//765 760//765
f 773//766 774//766 762//766 761//766
f 774//767 775//767 763//767 762//767
f 775//768 776//768 764//768 763//768
f 776//769 777//769 765//769 764//769
f 777//770 778//770 766//770 765//770
f 778//771 779//771 767//771 766//771
f 779//772 780//772 768//772 767//772
f 780//773 781//773 769//773 768//773
f 781//774 771//774 759//774 769//774
f 783//775 782//775 770//775 771//775
f 782//776 784//776 772//776 770//776
f 784//777 785//777 773//777 772//777
f 785//778 786//778 774//778 773//778
f 786//779 787//779 775//779 774//779
f 787//780 788//780 776//780 775//780
f 788//781 789//781 777//781 776//781
f 789//782 790//782 778//782 777//782
f 790//783 791//783 779//783 778//783
f 791//784 792//784 780//784 779//784
f 792//785 793//785 781//785 780//785
f 793//786 783//786 771//786 781//786
f 795//787 794//787 782//787 783//787
f 794//788 796//788 784//788 782//788
f 796//789 797//789 785//789 784//789
f 797//790 798//790 786//790 785//790
f 798//791 799//791 787//791 786//791
f 799//792 800//792 788//792 787//792
f 800//793 801//793 789//793 788//793
f 801//794 802//794 790//794 789//794
f 802//795 803//795 791//795 790//795
f 803//796 804//796 792//796 791//796
f 804//797 805//797 793//797 792//797
f 805//798 795//798 783//798 793//798
f 807//799 806//799 794//799 795//799
f 806//800 808//800 796//800 794//800
f 808//801 809//801 797//801 796//801
f 809//802 810//802 798//802 797//802
f 810//803 811//803 799//803 798//803
f 811//804 812//804 800//804 799//804
f 812//805 813//805 801//805 800//805
f 813//806 814//806 802//806 801//806
f 814//807 815//807 803//807 802//807
f 815//808 816//808 804//808 803//808
f 816//809 817//809 805//809 804//809
f 817//810 807//810 795//810 805//810
f 819//811 818//811 806//811 807//811
f 818//812 820//812 808//812 806//812
f 820//813 821//813 809//813 808//813
f 821//814 822//814 810//814 809//814
f 822//815 823//815 811//815 810//815
f 823//816 824//816 812//816 811//816
f 824//817 825//817 813//817 812//817
f 825//818 826//818 814//818 813//818
f 826//819 827//819 815//819 814//819
f 827//820 828//820 816//820 815//820
f 828//821 829//821 817//821 816//821
f 829//822 819//822 807//822 817//822
f 831//823 830//823 818//823 819//823
f 830//824 832//824 820//824 818//824
f 832//825 833//825 821//825 820//825
f 833//826 834//826 822//826 821//826
f 834//827 835//827 823//827 822//827
f 835//828 836//828 824//828 823//828
f 836//829 837//829 825//829 824//829
f 837//830 838//830 826//830 825//830
f 838//831 839//831 827//831 826//831
f 839//832 840//832 828//832 827//832
f 840//833 841//833 829//833 828//833
f 841//834 831//834 819//834 829//834
f 843//835 842//835 830//835 831//835
f 842//836 844//836 832//836 830//836
f 844//837 845//837 833//837 832//837
f 845//838 846//838 834//838 833//838
f 846//839 847//839 835//839 834//839
f 847//840 848//840 836//840 835//840
f 848//841 849//841 837//841 836//841
f 849//842 850//842 838//842 837//842
f 850//843 851//843 839//843 838//843
f 851//844 852//844 840//844 839//844
f 852//845 853//845 841//845 840//845
f 853//846 843//846 831//846 841//846
f 854//847 842//847 843//847
f 854//848 844//848 842//848
f 854//849 845//849 844//849
f 854//850 846//850 845//850
f 854//851 847//851 846//851
f 854//852 848//852 847//852
f 854//853 849//853 848//853
f 854//854 850//854 849//854
f 854//855 851//855 850//855
f 854//856 852//856 851//856
f 854//857 853//857 852//857
f 854//858 843//858 853//858
f 857//859 856//859 855//859
f 856//860 858//860 855//860
f 858//861 859//861 855//861
f 859//862 860//862 855//862
f 860//863 861//863 855//863
f 861//864 862//864 855//864
f 862//865 863//865 855//865
f 863//866 864//866 855//866
f 864//867 865//867 855//867
f 865//868 866//868 855//868
f 866//869 867//869 855//869
f 867//870 857//870 855//870
f 869//871 868//871 856//871 857//871
f 868//872 870//872 858//872 856//872
f 870//873 871//873 859//873 858//873
f 871//874 872//874 860//874 859//874
f 872//875 873//875 861//875 860//875
f 873//876 874//876 862//876 861//876
f 874//877 875//877 863//877 862//877
f 875//878 876//878 864//878 863//878
f 876//879 877//879 865//879 864//879
f 877//880 878//880 866//880 865//880
f 878//881 879//881 867//881 866//881
f 879//882 869//882 857//882 867//882
f 881//883 880//883 868//883 869//883
f 880//884 882//884 870//884 868//884
f 882//885 883//885 871//885 870//885
f 883//886 884//886 872//886 871//886
f 884//887 885//887 873//887 872//887
f 885//888 886//888 874//888 873//888
f 886//889 887//889 875//889 874//889
f 887//890 888//890 876//890 875//890
f 888//891 889//891 877//891 876//891
f 889//892 890//892 878//892 877//892
f 890//893 891//893 879//893 878//893
f 891//894 881//894 869//894 879//894
f 893//895 892//895 880//895 881//895
f 892//896 894//896 882//896 880//896
f 894//897 895//897 883//897 882//897
f 895//898 896//898 884//898 883//898
f 896//899 897//899 885//899 884//899
f 897//900 898//900 886//900 885//900
f 898//901 899//901 887//901 886//901
f 899//902 900//902 888//902 887//902
f 900//903 901//903 889//903 888//903
f 901//904 902//904 890//904 889//904
f 902//905 903//905 891//905 890//905
f 903//906 893//906 881//906 891//906
f 905//907 904//907 892//907 893//907
f 904//908 906//908 894//908 892//908
f 906//909 907//909 895//909 894//909
f 907//910 908//910 896//910 895//910
f 908//911 909//911 897//911 896//911
f 909//912 910//912 898//912 897//912
f 910//913 911//913 899//913 898//913
f 911//914 912//914 900//914 899//914
f 912//915 913//915 901//915 900//915
f 913//916 914//916 902//916 901//916
f 914//917 915//917 903//917 902//917
f 915//918 905//918 893//918 903//918
f 917//919 916//919 904//919 905//919
f 916//920 918//920 906//920 904//920
f 918//921 919//921 907//921 906//921
f 919//922 920//922 908//922 907//922
f 920//923 921//923 909//923 908//923
f 921//924 922//924 910//924 909//924
f 922//925 923//925 911//925 910//925
f 923//926 924//926 912//926 911//926
f 924//927 925//927 913//927 912//927
f 925//928 926//928 914//928 913//928
f 926//929 927//929 915//929 914//929
f 927//930 917//930 905//930 915//930
f 929//931 928//931 916//931 917//931
f 928//932 930//932 918//932 916//932
f 930//933 931//933 919//933 918//933
f 931//934 932//934 920//934 919//934
f 932//935 933//935 921//935 920//935
f 933//936 934//936 922//936 921//936
f 934//937 935//937 923//937 922//937
f 935//938 936//938 924//938 923//938
f 936//939 937//939 925//939 924//939
f 937//940 938//940 926//940 925//940
f 938//941 939//941 927//941 926//941
f 939//942 929//942 917//942 927//942
f 941//943 940//943 928//943 929//943
f 940//944 942//944 930//944 928//944
f 942//945 943//945 931//945 930//945
f 943//946 944//946 932//946 931//946
f 944//947 945//947 933//947 932//947
f 945//948 946//948 934//948 933//948
f 946//949 947//949 935//949 934//949
f 947//950 948//950 936//950 935//950
f 948//951 949//951 937//951 936//951
f 949//952 950//952 938//952 937//952
f 950//953 951//953 939//953 938//953
f 951//954 941//954 929//954 939//954
f 952//955 940//955 941//955
f 952//956 942//956 940//956
f 952//957 943//957 942//957
f 952//958 944//958 943//958
f 952//959 945//959 944//959
f 952//960 946//960 945//960
f 952//961 947//961 946//961
f 952//962 948//962 947//962
f 952//963 949//963 948//963
f 952//964 950//964 949//964
f 952//965 951//965 950//965
f 952//966 941//966 951//966
f 955//967 954//967 953//967
f 954//968 956//968 953//968
f 956//969 957//969 953//969
f 957//970 958//970 953//970
f 958//971 959//971 953//971
f 959//972 960//972 953//972
f 960//973 961//973 953//973
f 961//974 962//974 953//974
f 962//975 963//975 953//975
f 963//976 964//976 953//976
f 964//977 965//977 953//977
f 965//978 955//978 953//978
f 967//979 966//979 954//979 955//979
f 966//980 968//980 956//980 954//980
f 968//981 969//981 957//981 956//981
f 969//982 970//982 958//982 957//982
f 970//983 971//983 959//983 958//983
f 971//984 972//984 960//984 959//984
f 972//985 973//985 961//985 960//985
f 973//986 974//986 962//986 961//986
f 974//987 975//987 963//987 962//987
f 975//988 976//988 964//988 963//988
f 976//989 977//989 965//989 964//989
f 977//990 967//990 955//990 965//990
f 979//991 978//991 966//991 967//991
f 978//992 980//992 968//992 966//992
f 980//993 981//993 969//993 968//993
f 981//994 982//994 970//994 969//994
f 982//995 983//995 971//995 970//995
f 983//996 984//996 972//996 971//996
f 984//997 985//997 973//997 972//997
f 985//998 986//998 974//998 973//998
f 986//999 987//999 975//999 974//999
f 987//1000 988//1000 976//1000 975//1000
f 988//1001 989//1001 977//1001 976//1001
f 989//1002 979//1002 967//1002 977//1002
f 991//1003 990//1003 978//1003 979//1003
f 990//1004 992//1004 980//1004 978//1004
f 992//1005 993//1005 981//1005 980//1005
f 993//1006 994//1006 982//1006 981//1006
f 994//1007 995//1007 983//1007 982//1007
f 995//1008 996//1008 984//1008 983//1008
f 996//1009 997//1009 985//1009 984//1009
f 997//1010 998//1010 986//1010 985//1010
f 998//1011 999//1011 987//1011 986//1011
f 999//1012 1000//1012 988//1012 987//1012
f 1000//1013 1001//1013 989//1013 988//1013
f 1001//1014 991//1014 979//1014 989//1014
f 1003//1015 1002//1015 990//1015 991//1015
f 1002//1016 1004//1016 992//1016 990//1016
f 1004//1017 1005//1017 993//1017 992//1017
f 1005//1018 1006//1018 994//1018 993//1018
f 1006//1019 1007//1019 995//1019 994//1019
f 1007//1020 1008//1020 996//1020 995//1020
f 1008//1021 1009//1021 997//1021 996//1021
f 1009//1022 1010//1022 998//1022 997//1022
f 1010//1023 1011//1023 999//1023 998//1023
f 1011//1024 1012//1024 1000//1024 999//1024
f 1012//1025 1013//1025 1001//1025 1000//1025
f 1013//1026 1003//1026 991//1026 1001//1026
f 1015//1027 1014//1027 1002//1027 1003//1027
f 1014//1028 1016//1028 1004//1028 1002//1028
f 1016//1029 1017//1029 1005//1029 1004//1029
f 1017//1030 1018//1030 1006//1030 1005//1030
f 1018//1031 1019//1031 1007//1031 1006//1031
f 1019//1032 1020//1032 1008//1032 1007//1032
f 1020//1033 1021//1033 1009//1033 1008//1033
f 1021//1034 1022//1034 1010//1034 1009//1034
f 1022//1035 1023//1035 1011//1035 1010//1035
f 1023//1036 1024//1036 1012//1036 1011//1036
f 1024//1037 1025//1037 1013//1037 1012//1037
f 1025//1038 1015//1038 1003//1038 1013//1038
f 1027//1039 1026//1039 1014//1039 1015//1039
f 1026//1040 1028//1040 1016//1040 1014//1040
f 1028//1041 1029//1041 1017//1041 1016//1041
f 1029//1042 1030//1042 1018//1042 1017//1042
f 1030//1043 1031//1043 1019//1043 1018//1043
f 1031//1044 1032//1044 1020//1044 1019//1044
f 1032//1045 1033//1045 1021//1045 1020//1045
f 1033//1046 1034//1046 1022//1046 1021//1046
f 1034//1047 1035//1047 1023//1047 1022//1047
f 1035//1048 1036//1048 1024//1048 1023//1048
f 1036//1049 1037//1049 1025//1049 1024//1049
f 1037//1050 1027//1050 1015//1050 1025//1050
f 1039//1051 1038//1051 1026//1051 1027//1051
f 1038//1052 1040//1052 1028//1052 1026//1052
f 1040//1053 1041//1053 1029//1053 1028//1053
f 1041//1054 1042//1054 1030//1054 1029//1054
f 1042//1055 1043//1055 1031//1055 1030//1055
f 1043//1056 1044//1056 1032//1056 1031//1056
f 1044//1057 1045//1057 1033//1057 1032//1057
f 1045//1058 1046//1058 1034//1058 1033//1058
f 1046//1059 1047//1059 1035//1059 1034//1059
f 1047//1060 1048//1060 1036//1060 1035//1060
f 1048//1061 1049//1061 1037//1061 1036//1061
f 1049//1062 1039//1062 1027//1062 1037//1062
f 1050//1063 1038//1063 1039//1063
f 1050//1064 1040//1064 1038//1064
f 1050//1065 1041//1065 1040//1065
f 1050//1066 1042//1066 1041//1066
f 1050//1067 1043//1067 1042//1067
f 1050//1068 1044//1068 1043//1068
f 1050//1069 1045//1069 1044//1069
f 1050//1070 1046//1070 1045//1070
f 1050//1071 1047//1071 1046//1071
f 1050//1072 1048//1072 1047//1072
f 1050//1073 1049//1073 1048//1073
f 1050//1074 1039//1074 1049//1074
usemtl mat15
f 245//227 244//227 243//227
f 244//228 246//228 243//228
f 246//229 247//229 243//229
f 247//230 248//230 243//230
f 248//231 249//231 243//231
f 249//232 250//232 243//232
f 250//233 251//233 243//233
f 251//234 252//234 243//234
f 252//235 253//235 243//235
f 253//236 254//236 243//236
f 254//237 255//237 243//237
f 255//238 245//238 243//238
f 255//239 254//239 253//239 252//239 251//239 250//239 249//239 248//239 247//239 246//239 244//239 245//239
f 258//240 257//240 256//240
f 257//241 259//241 256//241
f 259//242 260//242 256//242
f 260//243 261//243 256//243
f 261//244 262//244 256//244
f 262//245 263//245 256//245
f 263//246 264//246 256//246
f 264//247 265//247 256//247
f 265//248 266//248 256//248
f 266//249 267//249 256//249
f 267//250 268//250 256//250
f 268//251 258//251 256//251
f 268//252 267//252 266//252 265//252 264//252 263//252 262//252 261//252 260//252 259//252 257//252 258//252
f 271//253 270//253 269//253
f 270//254 272//254 269//254
f 272//255 273//255 269//255
f 273//256 274//256 269//256
f 274//257 275//257 269//257
f 275//258 276//258 269//258
f 276//259 277//259 269//259
f 277//260 278//260 269//260
f 278//261 279//261 269//261
f 279//262 280//262 269//262
f 280//263 281//263 269//263
f 281//264 271//264 269//264
f 281//265 280//265 279//265 278//265 277//265 276//265 275//265 274//265 273//265 272//265 270//265 271//265
f 284//266 283//266 282//266
f 283//267 285//267 282//267
f 285//268 286//268 282//268
f 286//269 287//269 282//269
f 287//270 288//270 282//270
f 288//271 289//271 282//271
f 289//272 290//272 282//272
f 290//273 291//273 282//273
f 291//274 292//274 282//274
f 292//275 293//275 282//275
f 293//276 294//276 282//276
f 294//277 284//277 282//277
f 294//278 293//278 292//278 291//278 290//278 289//278 288//278 287//278 286//278 285//278 283//278 284//278
f 297//279 296//279 295//279
f 296//280 298//280 295//280
f 298//281 299//281 295//281
f 299//282 300//282 295//282
f 300//283 301//283 295//283
f 301//284 302//284 295//284
f 302//285 303//285 295//285
f 303//286 304//286 295//286
f 304//287 305//287 295//287
f 305//288 306//288 295//288
f 306//289 307//289 295//289
f 307//290 297//290 295//290
f 307//291 306//291 305//291 304//291 303//291 302//291 301//291 300//291 299//291 298//291 296//291 297//291
f 310//292 309//292 308//292
f 309//293 311//293 308//293
f 311//294 312//294 308//294
f 312//295 313//295 308//295
f 313//296 314//296 308//296
f 314//297 315//297 308//297
f 315//298 316//298 308//298
f 316//299 317//299 308//299
f 317//300 318//300 308//300
f 318//301 319//301 308//301
f 319//302 320//302 308//302
f 320//303 310//303 308//303
f 320//304 319//304 318//304 317//304 316//304 315//304 314//304 313//304 312//304 311//304 309//304 310//304
f 323//305 322//305 321//305
f 322//306 324//306 321//306
f 324//307 325//307 321//307
f 325//308 326//308 321//308
f 326//309 327//309 321//309
f 327//310 328//310 321//310
f 328//311 329//311 321//311
f 329//312 330//312 321//312
f 330//313 331//313 321//313
f 331//314 332//314 321//314
f 332//315 333//315 321//315
f 333//316 323//316 321//316
f 333//317 332//317 331//317 330//317 329//317 328//317 327//317 326//317 325//317 324//317 322//317 323//317
f 336//318 335//318 334//318
f 335//319 337//319 334//319
f 337//320 338//320 334//320
f 338//321 339//321 334//321
f 339//322 340//322 334//322
f 340//323 341//323 334//323
f 341//324 342//324 334//324
f 342//325 343//325 334//325
f 343//326 344//326 334//326
f 344//327 345//327 334//327
f 345//328 346//328 334//328
f 346//329 336//329 334//329
f 346//330 345//330 344//330 343//330 342//330 341//330 340//330 339//330 338//330 337//330 335//330 336//330
f 349//331 348//331 347//331
f 348//332 350//332 347//332
f 350//333 351//333 347//333
f 351//334 352//334 347//334
f 352//335 353//335 347//335
f 353//336 354//336 347//336
f 354//337 355//337 347//337
f 355//338 356//338 347//338
f 356//339 357//339 347//339
f 357//340 358//340 347//340
f 358//341 359//341 347//341
f 359//342 349//342 347//342
f 359//343 358//343 357//343 356//343 355//343 354//343 353//343 352//343 351//343 350//343 348//343 349//343
f 362//344 361//344 360//344
f 361//345 363//345 360//345
f 363//346 364//346 360//346
f 364//347 365//347 360//347
f 365//348 366//348 360//348
f 366//349 367//349 360//349
f 367//350 368//350 360//350
f 368//351 369//351 360//351
f 369//352 370//352 360//352
f 370//353 371//353 360//353
f 371//354 372//354 360//354
f 372//355 362//355 360//355
f 372//356 371//356 370//356 369//356 368//356 367//356 366//356 365//356 364//356 363//356 361//356 362//356
f 375//357 374//357 373//357
f 374//358 376//358 373//358
f 376//359 377//359 373//359
f 377//360 378//360 373//360
f 378//361 379//361 373//361
f 379//362 380//362 373//362
f 380//363 381//363 373//363
f 381//364 382//364 373//364
f 382//365 383//365 373//365
f 383//366 384//366 373//366
f 384//367 385//367 373//367
f 385//368 375//368 373//368
f 385//369 384//369 383//369 382//369 381//369 380//369 379//369 378//369 377//369 376//369 374//369 375//369
f 388//370 387//370 386//370
f 387//371 389//371 386//371
f 389//372 390//372 386//372
f 390//373 391//373 386//373
f 391//374 392//374 386//374
f 392//375 393//375 386//375
f 393//376 394//376 386//376
f 394//377 395//377 386//377
f 395//378 396//378 386//378
f 396//379 397//379 386//379
f 397//380 398//380 386//380
f 398//381 388//381 386//381
f 398//382 397//382 396//382 395//382 394//382 393//382 392//382 391//382 390//382 389//382 387//382 388//382
f 401//383 400//383 399//383
f 400//384 402//384 399//384
f 402//385 403//385 399//385
f 403//386 404//386 399//386
f 404//387 405//387 399//387
f 405//388 406//388 399//388
f 406//389 407//389 399//389
f 407//390 408//390 399//390
f 408//391 409//391 399//391
f 409//392 410//392 399//392
f 410//393 411//393 399//393
f 411//394 401//394 399//394
f 411//395 410//395 409//395 408//395 407//395 406//395 405//395 404//395 403//395 402//395 400//395 401//395
f 414//396 413//396 412//396
f 413//397 415//397 412//397
f 415//398 416//398 412//398
f 416//399 417//399 412//399
f 417//400 418//400 412//400
f 418//401 419//401 412//401
f 419//402 420//402 412//402
f 420//403 421//403 412//403
f 421//404 422//404 412//404
f 422//405 423//405 412//405
f 423//406 424//406 412//406
f 424//407 414//407 412//407
f 424//408 423//408 422//408 421//408 420//408 419//408 418//408 417//408 416//408 415//408 413//408 414//408
f 427//409 426//409 425//409
f 426//410 428//410 425//410
f 428//411 429//411 425//411
f 429//412 430//412 425//412
f 430//413 431//413 425//413
f 431//414 432//414 425//414
f 432//415 433//415 425//415
f 433//416 434//416 425//416
f 434//417 435//417 425//417
f 435//418 436//418 425//418
f 436//419 437//419 425//419
f 437//420 427//420 425//420
f 437//421 436//421 435//421 434//421 433//421 432//421 431//421 430//421 429//421 428//421 426//421 427//421
f 440//422 439//422 438//422
f 439//423 441//423 438//423
f 441//424 442//424 438//424
f 442//425 443//425 438//425
f 443//426 444//426 438//426
f 444//427 445//427 438//427
f 445//428 446//428 438//428
f 446//429 447//429 438//429
f 447//430 448//430 438//430
f 448//431 449//431 438//431
f 449//432 450//432 438//432
f 450//433 440//433 438//433
f 450//434 449//434 448//434 447//434 446//434 445//434 444//434 443//434 442//434 441//434 439//434 440//434
f 453//435 452//435 451//435
f 452//436 454//436 451//436
f 454//437 455//437 451//437
f 455//438 456//438 451//438
f 456//439 457//439 451//439
f 457//440 458//440 451//440
f 458//441 459//441 451//441
f 459//442 460//442 451//442
f 460//443 461//443 451//443
f 461//444 462//444 451//444
f 462//445 463//445 451//445
f 463//446 453//446 451//446
f 463//447 462//447 461//447 460//447 459//447 458//447 457//447 456//447 455//447 454//447 452//447 453//447
f 466//448 465//448 464//448
f 465//449 467//449 464//449
f 467//450 468//450 464//450
f 468//451 469//451 464//451
f 469//452 470//452 464//452
f 470//453 471//453 464//453
f 471//454 472//454 464//454
f 472//455 473//455 464//455
f 473//456 474//456 464//456
f 474//457 475//457 464//457
f 475//458 476//458 464//458
f 476//459 466//459 464//459
f 476//460 475//460 474//460 473//460 472//460 471//460 470//460 469//460 468//460 467//460 465//460 466//460
f 479//461 478//461 477//461
f 478//462 480//462 477//462
f 480//463 481//463 477//463
f 481//464 482//464 477//464
f 482//465 483//465 477//465
f 483//466 484//466 477//466
f 484//467 485//467 477//467
f 485//468 486//468 477//468
f 486//469 487//469 477//469
f 487//470 488//470 477//470
f 488//471 489//471 477//471
f 489//472 479//472 477//472
f 489//473 488//473 487//473 486//473 485//473 484//473 483//473 482//473 481//473 480//473 478//473 479//473
f 492//474 491//474 490//474
f 491//475 493//475 490//475
f 493//476 494//476 490//476
f 494//477 495//477 490//477
f 495//478 496//478 490//478
f 496//479 497//479 490//479
f 497//480 498//480 490//480
f 498//481 499//481 490//481
f 499//482 500//482 490//482
f 500//483 501//483 490//483
f 501//484 502//484 490//484
f 502//485 492//485 490//485
f 502//486 501//486 500//486 499//486 498//486 497//486 496//486 495//486 494//486 493//486 491//486 492//486
f 505//487 504//487 503//487
f 504//488 506//488 503//488
f 506//489 507//489 503//489
f 507//490 508//490 503//490
f 508//491 509//491 503//491
f 509//492 510//492 503//492
f 510//493 511//493 503//493
f 511//494 512//494 503//494
f 512//495 513//495 503//495
f 513//496 514//496 503//496
f 514//497 515//497 503//497
f 515//498 505//498 503//498
f 515//499 514//499 513//499 512//499 511//499 510//499 509//499 508//499 507//499 506//499 504//499 505//499
f 518//500 517//500 516//500
f 517//501 519//501 516//501
f 519//502 520//502 516//502
f 520//503 521//503 516//503
f 521//504 522//504 516//504
f 522//505 523//505 516//505
f 523//506 524//506 516//506
f 524//507 525//507 516//507
f 525//508 526//508 516//508
f 526//509 527//509 516//509
f 527//510 528//510 516//510
f 528//511 518//511 516//511
f 528//512 527//512 526//512 525//512 524//512 523//512 522//512 521//512 520//512 519//512 517//512 518//512
f 531//513 530//513 529//513
f 530//514 532//514 529//514
f 532//515 533//515 529//515
f 533//516 534//516 529//516
f 534//517 535//517 529//517
f 535//518 536//518 529//518
f 536//519 537//519 529//519
f 537//520 538//520 529//520
f 538//521 539//521 529//521
f 539//522 540//522 529//522
f 540//523 541//523 529//523
f 541//524 531//524 529//524
f 541//525 540//525 539//525 538//525 537//525 536//525 535//525 534//525 533//525 532//525 530//525 531//525
f 544//526 543//526 542//526
f 543//527 545//527 542//527
f 545//528 546//528 542//528
f 546//529 547//529 542//529
f 547//530 548//530 542//530
f 548//531 549//531 542//531
f 549//532 550//532 542//532
f 550//533 551//533 542//533
f 551//534 552//534 542//534
f 552//535 553//535 542//535
f 553//536 554//536 542//536
f 554//537 544//537 542//537
f 554//538 553//538 552//538 551//538 550//538 549//538 548//538 547//538 546//538 545//538 543//538 544//538
f 557//539 556//539 555//539
f 556//540 558//540 555//540
f 558//541 559//541 555//541
f 559//542 560//542 555//542
f 560//543 561//543 555//543
f 561//544 562//544 555//544
f 562//545 563//545 555//545
f 563//546 564//546 555//546
f 564//547 565//547 555//547
f 565//548 566//548 555//548
f 566//549 567//549 555//549
f 567//550 557//550 555//550
f 567//551 566//551 565//551 564//551 563//551 562//551 561//551 560//551 559//551 558//551 556//551 557//551
f 570//552 569//552 568//552
f 569//553 571//553 568//553
f 571//554 572//554 568//554
f 572//555 573//555 568//555
f 573//556 574//556 568//556
f 574//557 575//557 568//557
f 575//558 576//558 568//558
f 576//559 577//559 568//559
f 577//560 578//560 568//560
f 578//561 579//561 568//561
f 579//562 580//562 568//562
f 580//563 570//563 568//563
f 580//564 579//564 578//564 577//564 576//564 575//564 574//564 573//564 572//564 571//564 569//564 570//564
f 583//565 582//565 581//565
f 582//566 584//566 581//566
f 584//567 585//567 581//567
f 585//568 586//568 581//568
f 586//569 587//569 581//569
f 587//570 588//570 581//570
f 588//571 589//571 581//571
f 589//572 590//572 581//572
f 590//573 591//573 581//573
f 591//574 592//574 581//574
f 592//575 593//575 581//575
f 593//576 583//576 581//576
f 593//577 592//577 591//577 590//577 589//577 588//577 587//577 586//577 585//577 584//577 582//577 583//577
f 596//578 595//578 594//578
f 595//579 597//579 594//579
f 597//580 598//580 594//580
f 598//581 599//581 594//581
f 599//582 600//582 594//582
f 600//583 601//583 594//583
f 601//584 602//584 594//584
f 602//585 603//585 594//585
f 603//586 604//586 594//586
f 604//587 605//587 594//587
f 605//588 606//588 594//588
f 606//589 596//589 594//589
f 606//590 605//590 604//590 603//590 602//590 601//590 600//590 599//590 598//590 597//590 595//590 596//590
f 609//591 608//591 607//591
f 608//592 610//592 607//592
f 610//593 611//593 607//593
f 611//594 612//594 607//594
f 612//595 613//595 607//595
f 613//596 614//596 607//596
f 614//597 615//597 607//597
f 615//598 616//598 607//598
f 616//599 617//599 607//599
f 617//600 618//600 607//600
f 618//601 619//601 607//601
f 619//602 609//602 607//602
f 619//603 618//603 617//603 616//603 615//603 614//603 613//603 612//603 611//603 610//603 608//603 609//603
f 622//604 621//604 620//604
f 621//605 623//605 620//605
f 623//606 624//606 620//606
f 624//607 625//607 620//607
f 625//608 626//608 620//608
f 626//609 627//609 620//609
f 627//610 628//610 620//610
f 628//611 629//611 620//611
f 629//612 630//612 620//612
f 630//613 631//613 620//613
f 631//614 632//614 620//614
f 632//615 622//615 620//615
f 632//616 631//616 630//616 629//616 628//616 627//616 626//616 625//616 624//616 623//616 621//616 622//616
f 635//617 634//617 633//617
f 634//618 636//618 633//618
f 636//619 637//619 633//619
f 637//620 638//620 633//620
f 638//621 639//621 633//621
f 639//622 640//622 633//622
f 640//623 641//623 633//623
f 641//624 642//624 633//624
f 642//625 643//625 633//625
f 643//626 644//626 633//626
f 644//627 645//627 633//627
f 645//628 635//628 633//628
f 645//629 644//629 643//629 642//629 641//629 640//629 639//629 638//629 637//629 636//629 634//629 635//629
f 648//630 647//630 646//630
f 647//631 649//631 646//631
f 649//632 650//632 646//632
f 650//633 651//633 646//633
f 651//634 652//634 646//634
f 652//635 653//635 646//635
f 653//636 654//636 646//636
f 654//637 655//637 646//637
f 655//638 656//638 646//638
f 656//639 657//639 646//639
f 657//640 658//640 646//640
f 658//641 648//641 646//641
f 658//642 657//642 656//642 655//642 654//642 653//642 652//642 651//642 650//642 649//642 647//642 648//642
